{
    "名匠商铺入口": {
        "next": [
            "如果没有领主档案14名匠商铺",
            "点击返回14名匠商铺"
        ]
    },
    "如果没有领主档案14名匠商铺": {
        "recognition": "OCR",
        "expected": "领主档案",
        "roi": [
            84,
            14,
            164,
            58
        ],
        "inverse": true,
        "next": [
            "点击领主或者返回14名匠商铺"
        ]
    },
    "点击领主或者返回14名匠商铺": {
        "action": "Click",
        "target": [
            10,
            9,
            3,
            3
        ],
        "next": [
            "名匠商铺入口"
        ]
    },
    "点击返回14名匠商铺": {
        "action": "Click",
        "target": [
            10,
            9,
            3,
            3
        ],
        "next": [
            "点击名匠商铺图标",
            "点击名匠商铺图标2"
        ]
    },
    "点击名匠商铺图标": {
        "recognition": "TemplateMatch",
        "template": "addonevents/名匠商铺图标__518_220_74_70__468_170_174_170.png",
        "green_mask": true,
        "action": "Click",
        "roi": [
            484,
            102,
            231,
            562
        ],
        "next": [
            "看到雪原名匠商铺"
        ]
    },
    "点击名匠商铺图标2": {
        "recognition": "OCR",
        "expected": "名匠商铺",
        "action": "Click",
        "roi": [
            484,
            102,
            231,
            562
        ],
        "next": [
            "看到雪原名匠商铺"
        ]
    },
    "看到雪原名匠商铺": {
        "recognition": "OCR",
        "expected": "名匠商铺",
        "roi": [
            64,
            10,
            285,
            67
        ],
        "next": [
            "点击铁匠狂想曲"
        ]
    },
    "点击铁匠狂想曲": {
        "action": "Click",
        "target": [
            108,
            112,
            63,
            60
        ],
        "next": [
            "铁匠每日任务"
        ]
    },
    "铁匠每日任务": {
        "recognition": "OCR",
        "expected": "每日任务",
        "roi": [
            56,
            480,
            613,
            110
        ],
        "action": "Click",
        "next": [
            "领取铁匠每日任务",
            "铁匠狂想曲"
        ]
    },
    "领取铁匠每日任务": {
        "recognition": "TemplateMatch",
        "template": "addonevents/铁匠商铺领取图标__512_760_106_45__462_710_206_145.png",
        "threshold": 0.95,
        "roi": [
            49,
            589,
            625,
            669
        ],
        "action": "Click",
        "next": [
            "铁匠每日任务"
        ]
    },
    "铁匠狂想曲": {
        "recognition": "OCR",
        "expected": "铁匠狂想曲",
        "roi": [
            56,
            480,
            613,
            110
        ],
        "action": "Click",
        "next": [
            "铁匠狂想曲领取",
            "名匠商铺免费宝箱"
        ]
    },
    "铁匠狂想曲领取": {
        "recognition": "TemplateMatch",
        "template": "addonevents/铁匠商铺领取图标__512_760_106_45__462_710_206_145.png",
        "threshold": 0.95,
        "roi": [
            49,
            589,
            625,
            669
        ],
        "action": "Click",
        "next": [
            "铁匠狂想曲"
        ]
    },
    "名匠商铺免费宝箱": {
        "action": "Click",
        "target": [
            305,
            120,
            62,
            44
        ],
        "next": [
            "名匠蓝色加号"
        ]
    },
    "名匠蓝色加号": {
        "recognition": "TemplateMatch",
        "template": "addonevents/名匠商铺蓝色加号__179_614_29_17__129_564_129_117.png",
        "roi": [
            154,
            578,
            80,
            65
        ],
        "action": "Click",
        "next": [
            "银贝礼包"
        ]
    },
    "银贝礼包": {
        "recognition": "OCR",
        "expected": "银贝礼包",
        "roi": [
            64,
            10,
            285,
            67
        ],
        "next": [
            "点击免费银贝",
            "免费银贝已经领取过"
        ]
    },
    "点击免费银贝": {
        "roi": [
            31,
            97,
            653,
            319
        ],
        "recognition": "TemplateMatch",
        "threshold": 0.95,
        "template": "addonevents/免费银贝按钮__459_329_119_48__409_279_219_148.png",
        "action": "Click",
        "next": [
            "免费银贝任意退出"
        ]
    },
    "免费银贝已经领取过": {
        "roi": [
            31,
            97,
            653,
            319
        ],
        "recognition": "TemplateMatch",
        "threshold": 0.9,
        "template": "addonevents/免费银贝已经领取__443_328_132_50__393_278_232_150.png",
        "action": "Click",
        "next": [
            "名匠商铺完成"
        ]
    },
    "免费银贝任意退出": {
        "recognition": "OCR",
        "expected": "点击任意位置退出",
        "action": "Click",
        "next": [
            "名匠商铺完成"
        ]
    },
    "名匠商铺完成": {}
}