{
    "联盟奖励": {
        "next": [
            "如果没有探险功能1",
            "进入联盟菜单"
        ]
    },
    "如果没有探险功能1": {
        "recognition": "OCR",
        "expected": "探险",
        "roi": [
            5,
            1176,
            124,
            105
        ],
        "inverse": true,
        "next": [
            "点击返回1"
        ]
    },
    "点击返回1": {
        "action": "Click",
        "target": [
            6,
            6,
            5,
            4
        ],
        "next": [
            "联盟奖励"
        ]
    },
    "进入联盟菜单": {
        "action": "Click",
        "target": [
            531,
            1217,
            14,
            10
        ],
        "post_wait_freezes": 100,
        "next": [
            "自动参加联盟战争"
        ]
    },
    "自动参加联盟战争": {
        "recognition": "OCR",
        "expected": "联盟战争",
        "action": "Click",
        "post_wait_freezes": 100,
        "next": [
            "自动加入"
        ]
    },
    "自动加入": {
        "action": "Click",
        "target": [
            311,
            1202,
            0,
            0
        ],
        "post_wait_freezes": 100,
        "next": [
            "点击开启"
        ]
    },
    "点击开启": {
        "action": "Click",
        "target": [
            473,
            1095,
            0,
            0
        ],
        "post_wait_freezes": 100,
        "next": [
            "退回联盟战争"
        ]
    },
    "退回联盟战争": {
        "action": "Click",
        "target": [
            10,
            10,
            10,
            10
        ],
        "post_wait_freezes": 100,
        "next": [
            "退回联盟页面"
        ]
    },
    "退回联盟页面": {
        "action": "Click",
        "target": [
            10,
            10,
            10,
            10
        ],
        "post_wait_freezes": 100,
        "next": [
            "自动领取联盟宝箱"
        ]
    },
    "自动领取联盟宝箱": {
        "target": [
            518,
            654,
            0,
            0
        ],
        "action": "Click",
        "post_wait_freezes": 200,
        "next": [
            "领取战利品宝箱"
        ]
    },
    "领取战利品宝箱": {
        "action": "Click",
        "target": [
            150,
            378,
            0,
            0
        ],
        "post_wait_freezes": 100,
        "next": [
            "点击一键领取"
        ]
    },
    "点击一键领取": {
        "action": "Click",
        "post_wait_freezes": 100,
        "target": [
            384,
            1200,
            0,
            0
        ],
        "next": [
            "重复点击一键领取"
        ]
    },
    "重复点击一键领取": {
        "action": "Click",
        "post_wait_freezes": 100,
        "target": [
            384,
            1200,
            0,
            0
        ],
        "next": [
            "领取盟友赠礼"
        ]
    },
    "单次点击领取": {
        "recognition": "TemplateMatch",
        "template": "green_accept.png",
        "action": "Click",
        "next": [
            "领取盟友赠礼"
        ]
    },
    "领取盟友赠礼": {
        "action": "Click",
        "target": [
            515,
            398,
            0,
            0
        ],
        "next": [
            "单次点击领取",
            "从宝箱退回联盟页面"
        ]
    },
    "从宝箱退回联盟页面": {
        "action": "Click",
        "target": [
            10,
            10,
            10,
            10
        ],
        "post_wait_freezes": 100,
        "next": [
            "进入联盟互助"
        ]
    },
    "进入联盟互助": {
        "recognition": "OCR",
        "expected": "联盟互助",
        "action": "Click",
        "post_wait_freezes": 100,
        "next": [
            "点击联盟互助",
            "从互助退回联盟页面"
        ]
    },
    "点击联盟互助": {
        "recognition": "OCR",
        "expected": "全部帮助",
        "action": "Click",
        "roi": [
            196,
            1132,
            358,
            124
        ],
        "post_wait_freezes": 100,
        "next": [
            "从互助退回联盟页面"
        ]
    },
    "从互助退回联盟页面": {
        "action": "Click",
        "target": [
            10,
            10,
            10,
            10
        ],
        "post_wait_freezes": 100,
        "next": [
            "自动捐献科技"
        ]
    },
    "自动捐献科技": {
        "recognition": "OCR",
        "expected": "联盟科技",
        "action": "Click",
        "next": [
            "进入科技页面"
        ]
    },
    "进入科技页面": {
        "recognition": "TemplateMatch",
        "template": "allianceDonate.png",
        "action": "Click",
        "next": [
            "点击捐献",
            "暂无捐献"
        ]
    },
    "点击捐献": {
        "recognition": "TemplateMatch",
        "template": "donateButton.png",
        "action": "Click",
        "threshold": 0.9,
        "next": [
            "点击捐献",
            "捐献结束"
        ]
    },
    "暂无捐献": {
        "recognition": "TemplateMatch",
        "template": "暂无捐献__432_992_173_72__382_942_273_172.png",
        "next": [
            "捐献结束"
        ]
    },
    "捐献结束": {
        "next": [
            "exitTwice"
        ]
    }
}