{
    "等待猎熊按钮": {
        "next": [
            "跳过已展开猎熊",
            "如果没有探险功能11",
            "重复执行直到猎熊出现",
            "猎熊循环"
        ]
    },
    "如果没有探险功能11": {
        "recognition": "OCR",
        "expected": "探险",
        "roi": [
            5,
            1176,
            124,
            105
        ],
        "inverse": true,
        "next": [
            "点击返回11"
        ]
    },
    "点击返回11": {
        "action": "Click",
        "target": [
            6,
            6,
            5,
            4
        ],
        "next": [
            "等待猎熊按钮"
        ]
    },
    "跳过已展开猎熊": {
        "recognition": "TemplateMatch",
        "template": "猎熊/猎熊按钮已展开__165_986_395_74__115_936_495_174.png",
        "roi": [
            123,
            676,
            527,
            421
        ],
        "next": [
            "点击返回11"
        ]
    },
    "重复执行直到猎熊出现": {
        "template": "猎熊/猎熊图标__525_821_70_60__475_771_170_160.png",
        "recognition": "TemplateMatch",
        "inverse": true,
        "roi": [
            366,
            783,
            337,
            302
        ],
        "next": [
            "等待猎熊按钮"
        ]
    },
    "猎熊循环": {
        "next": [
            "跳过已展开猎熊",
            "如果没有探险功能12",
            "检查猎熊是否结束",
            "没有特殊集结发自己的集结",
            "参加猎熊集结"
        ]
    },
    "检查猎熊是否结束": {
        "template": "猎熊/猎熊图标__525_821_70_60__475_771_170_160.png",
        "recognition": "TemplateMatch",
        "threshold": 0.6,
        "inverse": true,
        "roi": [
            366,
            783,
            337,
            302
        ],
        "next": [
            "猎熊完成"
        ]
    },
    "如果没有探险功能12": {
        "recognition": "OCR",
        "expected": "探险",
        "roi": [
            8,
            1177,
            112,
            98
        ],
        "inverse": true,
        "next": [
            "点击返回12"
        ]
    },
    "点击返回12": {
        "action": "Click",
        "target": [
            6,
            6,
            5,
            4
        ],
        "next": [
            "猎熊循环"
        ]
    },
    "没有特殊集结发自己的集结": {
        "recognition": "OCR",
        "expected": "特殊",
        "inverse": true,
        "enabled": true,
        "roi": [
            4,
            174,
            181,
            515
        ],
        "next": [
            "发起猎熊集结"
        ]
    },
    "参加猎熊集结": {
        "recognition": "TemplateMatch",
        "template": "猎熊/集结列表按钮__634_521_62_45__584_471_136_145.png",
        "action": "Click",
        "next": [
            "加入猎熊集结循环",
            "猎熊循环"
        ]
    },
    "发起猎熊集结": {
        "template": "猎熊/猎熊图标__525_821_70_60__475_771_170_160.png",
        "recognition": "TemplateMatch",
        "action": "Click",
        "roi": [
            366,
            783,
            337,
            302
        ],
        "next": [
            "点击猎熊集结按钮"
        ]
    },
    "加入猎熊集结循环": {
        "template": "猎熊/参加集结按钮__612_363_59_51__562_313_158_151.png",
        "threshold": 0.95,
        "recognition": "TemplateMatch",
        "action": "Click",
        "next": [
            "参加猎熊集结没有士兵",
            "猎熊行军队列已满",
            "如果不能出发",
            "使用队列5参加集结"
        ]
    },
    "如果不能出发": {
        "recognition": "OCR",
        "expected": "联盟战争",
        "pre_delay": 400,
        "roi": [
            86,
            17,
            201,
            63
        ],
        "next": [
            "猎熊循环"
        ]
    },
    "使用队列5参加集结": {
        "action": "Click",
        "post_delay": 400,
        "target": [
            343,
            104,
            37,
            36
        ],
        "next": [
            "参加猎熊集结出征",
            "参加猎熊集结没有士兵",
            "猎熊行军队列已满"
        ]
    },
    "参加猎熊集结出征": {
        "recognition": "OCR",
        "expected": "出征",
        "action": "Click",
        "roi": [
            425,
            1179,
            242,
            78
        ],
        "next": [
            "猎熊循环"
        ]
    },
    "参加猎熊集结没有士兵": {
        "recognition": "OCR",
        "expected": "训练士兵",
        "roi": [
            134,
            904,
            398,
            170
        ],
        "next": [
            "猎熊循环"
        ]
    },
    "猎熊行军队列已满": {
        "recognition": "TemplateMatch",
        "template": "猎熊/行军队列__153_330_470_385__103_280_570_485.png",
        "next": [
            "猎熊循环"
        ]
    },
    "点击猎熊集结按钮": {
        "recognition": "OCR",
        "expected": "集结",
        "action": "Click",
        "roi": [
            144,
            656,
            430,
            433
        ],
        "next": [
            "点击猎熊发起集结按钮"
        ],
        "on_error": [
            "猎熊循环"
        ]
    },
    "点击猎熊发起集结按钮": {
        "recognition": "OCR",
        "expected": "发起集结",
        "action": "Click",
        "roi": [
            144,
            656,
            430,
            433
        ],
        "next": [
            "猎熊英雄选择"
        ],
        "on_error": [
            "猎熊循环"
        ]
    },
    "猎熊英雄选择": {
        "action": "Click",
        "target": [
            570,
            116,
            15,
            13
        ],
        "next": [
            "检查小黑不是第一个英雄",
            "猎熊出征按钮"
        ]
    },
    "检查小黑不是第一个英雄": {
        "recognition": "TemplateMatch",
        "roi": [
            38,
            255,
            239,
            333
        ],
        "inverse": true,
        "template": "猎熊/小黑英雄__94_345_158_190__44_295_258_290.png",
        "next": [
            "猎熊英雄选择"
        ]
    },
    "猎熊出征按钮": {
        "recognition": "OCR",
        "expected": "出征",
        "action": "Click",
        "roi": [
            425,
            1179,
            242,
            78
        ],
        "next": [
            "猎熊循环"
        ]
    },
    "猎熊完成": {}
}