{
    "攻击野兽入口": {
        "next": [
            "野兽如果没有领主档案10",
            "开始攻击野兽"
        ]
    },
    "野兽如果没有领主档案10": {
        "recognition": "OCR",
        "expected": "领主档案",
        "roi": [
            84,
            14,
            164,
            58
        ],
        "inverse": true,
        "next": [
            "野兽点击领主或者返回10"
        ]
    },
    "野兽点击领主或者返回10": {
        "action": "Click",
        "target": [
            55,
            57,
            2,
            4
        ],
        "next": [
            "攻击野兽入口"
        ]
    },
    "开始攻击野兽": {
        "action": "Click",
        "target": [
            55,
            57,
            2,
            4
        ],
        "next": [
            "野兽进入野外界面",
            "野兽点击搜索按钮"
        ]
    },
    "野兽进入野外界面": {
        "recognition": "OCR",
        "expected": "野外",
        "roi": [
            514,
            1170,
            205,
            111
        ],
        "action": "Click",
        "next": [
            "开始攻击野兽"
        ]
    },
    "野兽点击搜索按钮": {
        "recognition": "TemplateMatch",
        "green_mask": true,
        "template": "searchButton__5_835_81_78__0_785_136_178.png",
        "roi": [
            2,
            825,
            108,
            98
        ],
        "action": "Click",
        "next": [
            "看到野兽按钮"
        ]
    },
    "看到野兽按钮": {
        "recognition": "TemplateMatch",
        "template": "野兽按钮__27_864_122_96__0_814_199_196.png",
        "action": "Click",
        "roi": [
            3,
            826,
            716,
            176
        ],
        "next": [
            "点击搜索野兽"
        ]
    },
    "点击搜索野兽": {
        "recognition": "OCR",
        "expected": "搜索",
        "roi": [
            135,
            1139,
            434,
            119
        ],
        "action": "Click",
        "next": [
            "自动攻击野兽"
        ]
    },
    "自动攻击野兽": {
        "action": "Click",
        "template": "hunt_step3_attack__268_599_182_56__218_549_282_156.png",
        "recognition": "TemplateMatch",
        "next": [
            "野兽平均配置兵力",
            "野兽六行军已满",
            "野兽行军队列不足"
        ],
        "post_delay": 500
    },
    "野兽平均配置兵力": {
        "recognition": "OCR",
        "expected": "平均配置",
        "roi": [
            17,
            1124,
            388,
            156
        ],
        "action": "Click",
        "next": [
            "野兽出征攻击"
        ]
    },
    "野兽出征攻击": {
        "action": "Click",
        "template": "hunt_step4_takeoff.png",
        "recognition": "TemplateMatch",
        "next": []
    },
    "野兽六行军已满": {
        "template": "情报/行军6__193_202_50_25__143_152_150_125.png",
        "recognition": "TemplateMatch",
        "roi": [
            2,
            165,
            272,
            339
        ],
        "next": [
            "野外处理情报"
        ]
    },
    "野兽行军队列不足": {
        "recognition": "TemplateMatch",
        "action": "Click",
        "target_offset": [
            0,
            -260,
            0,
            0
        ],
        "template": "情报/行军队列弹窗__138_308_338_206__88_258_438_306.png"
    }
}