{
    "任意位置购买流浪商人": {
        "next": [
            "如果没有探险功能2",
            "游荡商人购买全部"
        ]
    },
    "游荡商人购买全部": {
        "recognition": "OCR",
        "expected": "商店",
        "action": "Click",
        "next": [
            "游荡商人"
        ]
    },
    "如果没有探险功能2": {
        "recognition": "OCR",
        "expected": "探险",
        "roi": [
            5,
            1176,
            124,
            105
        ],
        "inverse": true,
        "action": "Click",
        "target": [
            6,
            6,
            5,
            4
        ],
        "next": [
            "任意位置购买流浪商人"
        ]
    },
    "游荡商人": {
        "recognition": "OCR",
        "expected": "游荡商人",
        "action": "Click",
        "next": [
            "shopping"
        ]
    },
    "shopping": {
        "next": [
            "shopMeat",
            "shopIron",
            "shopCoral",
            "shopWood",
            "refreshFreeShop",
            "流浪商人完成"
        ]
    },
    "shopMeat": {
        "recognition": "TemplateMatch",
        "template": "shop_meat.png",
        "threshold": 0.8,
        "action": "Click",
        "next": [
            "shopping"
        ]
    },
    "shopIron": {
        "recognition": "TemplateMatch",
        "template": "shop_iron.png",
        "threshold": 0.8,
        "action": "Click",
        "next": [
            "shopping"
        ]
    },
    "shopCoral": {
        "recognition": "TemplateMatch",
        "template": "shop_coral.png",
        "threshold": 0.8,
        "action": "Click",
        "next": [
            "shopping"
        ]
    },
    "shopWood": {
        "recognition": "TemplateMatch",
        "template": "shop_wood.png",
        "threshold": 0.8,
        "action": "Click",
        "next": [
            "shopping"
        ]
    },
    "refreshFreeShop": {
        "recognition": "TemplateMatch",
        "template": "refresh_shop.png",
        "roi": [
            465,
            181,
            255,
            164
        ],
        "threshold": 0.8,
        "action": "Click",
        "post_delay": 800,
        "next": [
            "shopping"
        ]
    },
    "流浪商人完成": {
        "next": [
            "exit"
        ]
    },
    "exitTwice": {
        "action": "Click",
        "target": [
            10,
            10,
            10,
            10
        ],
        "next": [
            "exit"
        ]
    },
    "exit": {
        "action": "Click",
        "target": [
            10,
            10,
            10,
            10
        ]
    },
    "stop": {
        "action": "StopTask"
    }
}