{
    "每日任务入口": {
        "next": [
            "如果没有领主档案11",
            "每日任务返回城镇页面"
        ]
    },
    "如果没有领主档案11": {
        "recognition": "OCR",
        "expected": "领主档案",
        "roi": [
            84,
            14,
            164,
            58
        ],
        "inverse": true,
        "next": [
            "点击领主或者返回11"
        ]
    },
    "点击领主或者返回11": {
        "action": "Click",
        "target": [
            55,
            57,
            2,
            4
        ],
        "next": [
            "每日任务入口"
        ]
    },
    "每日任务返回城镇页面": {
        "action": "Click",
        "target": [
            55,
            57,
            2,
            4
        ],
        "next": [
            "进入每日任务"
        ]
    },
    "进入每日任务": {
        "recognition": "TemplateMatch",
        "template": "每日任务/每日任务图标__15_1020_57_57__0_970_122_157.png",
        "roi": [
            13,
            1011,
            695,
            195
        ],
        "action": "Click",
        "next": [
            "点击每日任务tab"
        ]
    },
    "点击每日任务tab": {
        "recognition": "OCR",
        "expected": "每日任务",
        "action": "Click",
        "roi": [
            0,
            1070,
            753,
            154
        ],
        "next": [
            "每日任务一键领取",
            "每日任务完成"
        ]
    },
    "每日任务一键领取": {
        "recognition": "OCR",
        "expected": "一键领取",
        "action": "Click",
        "roi": [
            142,
            972,
            409,
            118
        ],
        "next": [
            "每日任务完成"
        ]
    },
    "每日任务完成": {}
}