{
    "大冒险入口": {
        "next": [
            "如果没有领主档案14大冒险",
            "点击返回14大冒险"
        ]
    },
    "如果没有领主档案14大冒险": {
        "recognition": "OCR",
        "expected": "领主档案",
        "roi": [
            84,
            14,
            164,
            58
        ],
        "inverse": true,
        "next": [
            "点击领主或者返回14大冒险"
        ]
    },
    "点击领主或者返回14大冒险": {
        "action": "Click",
        "target": [
            10,
            9,
            3,
            3
        ],
        "next": [
            "大冒险入口"
        ]
    },
    "点击返回14大冒险": {
        "action": "Click",
        "target": [
            10,
            9,
            3,
            3
        ],
        "next": [
            "点击大冒险图标"
        ]
    },
    "点击大冒险图标": {
        "recognition": "TemplateMatch",
        "template": "雪原大冒险/大冒险野外图标__637_416_59_41__587_366_133_141.png",
        "action": "Click",
        "roi": [
            484,
            102,
            231,
            562
        ],
        "next": [
            "看到雪原大冒险"
        ]
    },
    "看到雪原大冒险": {
        "recognition": "OCR",
        "expected": "雪原大冒险",
        "roi": [
            64,
            10,
            285,
            67
        ],
        "next": [
            "大冒险移动到最前tab"
        ]
    },
    "大冒险移动到最前tab": {
        "action": "Swipe",
        "begin": [
            128,
            127,
            19,
            16
        ],
        "end": [
            604,
            134,
            10,
            11
        ],
        "next": [
            "进入投掷页面"
        ]
    },
    "进入投掷页面": {
        "recognition": "TemplateMatch",
        "template": "雪原大冒险/投掷页面__108_116_56_47__58_66_156_147.png",
        "green_mask": true,
        "roi": [
            25,
            82,
            618,
            124
        ],
        "action": "Click",
        "next": [
            "大冒投掷循环"
        ]
    },
    "大冒险免费投掷": {
        "template": "雪原大冒险/免费投掷__130_1142_168_70__80_1092_268_170.png",
        "recognition": "TemplateMatch",
        "action": "Click",
        "next": [
            "大冒投掷循环"
        ]
    },
    "大冒险投掷一次": {
        "template": "雪原大冒险/普通投掷一次__123_1140_172_68__73_1090_272_168.png",
        "recognition": "TemplateMatch",
        "threshold": 0.98,
        "action": "Click",
        "roi": [
            35,
            1124,
            333,
            111
        ],
        "next": [
            "大冒投掷循环"
        ]
    },
    "大冒投掷循环": {
        "next": [
            "大冒险免费投掷",
            "大冒险投掷一次",
            "冒险家特训"
        ]
    },
    "冒险家特训": {
        "recognition": "OCR",
        "expected": "冒险家特训",
        "action": "Click",
        "roi": [
            25,
            82,
            618,
            124
        ],
        "next": [
            "大冒险点击每日任务"
        ]
    },
    "大冒险点击每日任务": {
        "recognition": "OCR",
        "expected": "每日任务",
        "action": "Click",
        "roi": [
            43,
            484,
            631,
            132
        ],
        "next": [
            "大冒险领取全部已完成每日任务"
        ]
    },
    "大冒险领取全部已完成每日任务": {
        "next": [
            "大冒险领取已完成每日任务",
            "大冒险点击冒险家特训"
        ]
    },
    "大冒险领取已完成每日任务": {
        "recognition": "TemplateMatch",
        "template": "雪原大冒险/领取图标__498_762_130_44__448_712_230_144.png",
        "threshold": 0.95,
        "action": "Click",
        "next": [
            "大冒险领取全部已完成每日任务"
        ],
        "roi": [
            411,
            677,
            277,
            577
        ]
    },
    "大冒险点击冒险家特训": {
        "recognition": "OCR",
        "expected": "冒险家特训",
        "action": "Click",
        "roi": [
            43,
            484,
            631,
            132
        ],
        "next": [
            "大冒险领取全部已完成冒险家特训"
        ]
    },
    "大冒险领取全部已完成冒险家特训": {
        "next": [
            "大冒险领取已完成冒险家特训",
            "大冒险完成"
        ]
    },
    "大冒险领取已完成冒险家特训": {
        "recognition": "TemplateMatch",
        "template": "雪原大冒险/特训领取按钮__537_658_89_34__487_608_189_134.png",
        "threshold": 0.95,
        "action": "Click",
        "next": [
            "大冒险领取全部已完成每日任务"
        ],
        "roi": [
            466,
            550,
            213,
            720
        ]
    },
    "大冒险完成": {}
}