{
    "大作战刷火晶车入口": {
        "next": [
            "点位置1"
        ]
    },
    "点位置1": {
        "action": "Click",
        "target": [
            166,
            568,
            9,
            20
        ],
        "post_delay": 1000,
        "next": [
            "检查火晶位置1",
            "没有火晶位置1"
        ]
    },
    "检查火晶位置1": {
        "recognition": "TemplateMatch",
        "template": "大作战/两个火晶车__218_932_150_76__168_882_250_176.png",
        "threshold": 0.9,
        "roi": [
            55,
            925,
            464,
            101
        ],
        "next": [
            "分享联盟位置1"
        ]
    },
    "没有火晶位置1": {
        "recognition": "TemplateMatch",
        "template": "大作战/两个火晶车__218_932_150_76__168_882_250_176.png",
        "threshold": 0.9,
        "inverse": true,
        "roi": [
            55,
            925,
            464,
            101
        ],
        "next": [
            "点位置2"
        ]
    },
    "分享联盟位置1": {
        "recognition": "TemplateMatch",
        "template": "大作战/分享按钮__610_761_46_46__560_711_146_146.png",
        "action": "Click",
        "next": [
            "分享到联盟聊天位置1"
        ]
    },
    "分享到联盟聊天位置1": {
        "recognition": "TemplateMatch",
        "template": "大作战/联盟聊天__67_522_117_106__17_472_217_206.png",
        "action": "Click",
        "post_delay": 1000,
        "next": [
            "重新点位置1"
        ]
    },
    "重新点位置1": {
        "action": "Click",
        "target": [
            166,
            568,
            9,
            20
        ],
        "post_delay": 600,
        "next": [
            "点位置2"
        ]
    },
    "点位置2": {
        "action": "Click",
        "target": [
            285,
            430,
            6,
            11
        ],
        "post_delay": 600,
        "next": [
            "检查火晶位置2",
            "没有火晶位置2"
        ]
    },
    "检查火晶位置2": {
        "recognition": "TemplateMatch",
        "template": "大作战/两个火晶车__218_932_150_76__168_882_250_176.png",
        "threshold": 0.9,
        "roi": [
            55,
            925,
            464,
            101
        ],
        "next": [
            "分享联盟位置2"
        ]
    },
    "没有火晶位置2": {
        "recognition": "TemplateMatch",
        "template": "大作战/两个火晶车__218_932_150_76__168_882_250_176.png",
        "threshold": 0.9,
        "inverse": true,
        "roi": [
            55,
            925,
            464,
            101
        ],
        "next": [
            "点位置3"
        ]
    },
    "分享联盟位置2": {
        "recognition": "TemplateMatch",
        "template": "大作战/分享按钮__610_761_46_46__560_711_146_146.png",
        "action": "Click",
        "next": [
            "分享到联盟聊天位置2"
        ]
    },
    "分享到联盟聊天位置2": {
        "recognition": "TemplateMatch",
        "template": "大作战/联盟聊天__67_522_117_106__17_472_217_206.png",
        "action": "Click",
        "post_delay": 1000,
        "next": [
            "重新点位置2"
        ]
    },
    "重新点位置2": {
        "action": "Click",
        "target": [
            166,
            568,
            9,
            20
        ],
        "post_delay": 600,
        "next": [
            "点位置3"
        ]
    },
    "点位置3": {
        "action": "Click",
        "target": [
            416,
            425,
            11,
            18
        ],
        "post_delay": 600,
        "next": [
            "检查火晶位置3",
            "没有火晶位置3"
        ]
    },
    "检查火晶位置3": {
        "recognition": "TemplateMatch",
        "template": "大作战/两个火晶车__218_932_150_76__168_882_250_176.png",
        "threshold": 0.9,
        "roi": [
            55,
            925,
            464,
            101
        ],
        "next": [
            "分享联盟位置3"
        ]
    },
    "没有火晶位置3": {
        "recognition": "TemplateMatch",
        "template": "大作战/两个火晶车__218_932_150_76__168_882_250_176.png",
        "threshold": 0.9,
        "inverse": true,
        "roi": [
            55,
            925,
            464,
            101
        ],
        "next": [
            "点位置4"
        ]
    },
    "分享联盟位置3": {
        "recognition": "TemplateMatch",
        "template": "大作战/分享按钮__610_761_46_46__560_711_146_146.png",
        "action": "Click",
        "next": [
            "分享到联盟聊天位置3"
        ]
    },
    "分享到联盟聊天位置3": {
        "recognition": "TemplateMatch",
        "template": "大作战/联盟聊天__67_522_117_106__17_472_217_206.png",
        "action": "Click",
        "post_delay": 1000,
        "next": [
            "重新点位置3"
        ]
    },
    "重新点位置3": {
        "action": "Click",
        "target": [
            166,
            568,
            9,
            20
        ],
        "post_delay": 600,
        "next": [
            "点位置4"
        ]
    },
    "点位置4": {
        "action": "Click",
        "target": [
            537,
            411,
            9,
            15
        ],
        "post_delay": 600,
        "next": [
            "检查火晶位置4",
            "没有火晶位置4"
        ]
    },
    "检查火晶位置4": {
        "recognition": "TemplateMatch",
        "template": "大作战/两个火晶车__218_932_150_76__168_882_250_176.png",
        "threshold": 0.9,
        "roi": [
            55,
            925,
            464,
            101
        ],
        "next": [
            "分享联盟位置4"
        ]
    },
    "没有火晶位置4": {
        "recognition": "TemplateMatch",
        "template": "大作战/两个火晶车__218_932_150_76__168_882_250_176.png",
        "threshold": 0.9,
        "inverse": true,
        "roi": [
            55,
            925,
            464,
            101
        ],
        "next": [
            "点位置5"
        ]
    },
    "分享联盟位置4": {
        "recognition": "TemplateMatch",
        "template": "大作战/分享按钮__610_761_46_46__560_711_146_146.png",
        "action": "Click",
        "next": [
            "分享到联盟聊天位置4"
        ]
    },
    "分享到联盟聊天位置4": {
        "recognition": "TemplateMatch",
        "template": "大作战/联盟聊天__67_522_117_106__17_472_217_206.png",
        "action": "Click",
        "post_delay": 1000,
        "next": [
            "重新点位置4"
        ]
    },
    "重新点位置4": {
        "action": "Click",
        "target": [
            166,
            568,
            9,
            20
        ],
        "post_delay": 600,
        "next": [
            "点位置5"
        ]
    },
    "点位置5": {
        "action": "Click",
        "target": [
            175,
            686,
            7,
            17
        ],
        "post_delay": 600,
        "next": [
            "检查火晶位置5",
            "没有火晶位置5"
        ]
    },
    "检查火晶位置5": {
        "recognition": "TemplateMatch",
        "template": "大作战/两个火晶车__218_932_150_76__168_882_250_176.png",
        "threshold": 0.9,
        "roi": [
            55,
            925,
            464,
            101
        ],
        "next": [
            "分享联盟位置5"
        ]
    },
    "没有火晶位置5": {
        "recognition": "TemplateMatch",
        "template": "大作战/两个火晶车__218_932_150_76__168_882_250_176.png",
        "threshold": 0.9,
        "inverse": true,
        "roi": [
            55,
            925,
            464,
            101
        ],
        "next": [
            "点位置6"
        ]
    },
    "分享联盟位置5": {
        "recognition": "TemplateMatch",
        "template": "大作战/分享按钮__610_761_46_46__560_711_146_146.png",
        "action": "Click",
        "next": [
            "分享到联盟聊天5"
        ]
    },
    "分享到联盟聊天5": {
        "recognition": "TemplateMatch",
        "template": "大作战/联盟聊天__67_522_117_106__17_472_217_206.png",
        "action": "Click",
        "post_delay": 1000,
        "next": [
            "重新点位置5"
        ]
    },
    "重新点位置5": {
        "action": "Click",
        "target": [
            166,
            568,
            9,
            20
        ],
        "post_delay": 600,
        "next": [
            "点位置6"
        ]
    },
    "点位置6": {
        "action": "Click",
        "target": [
            294,
            675,
            7,
            16
        ],
        "post_delay": 500,
        "next": [
            "检查火晶位置6",
            "没有火晶位置6"
        ]
    },
    "检查火晶位置6": {
        "recognition": "TemplateMatch",
        "template": "大作战/两个火晶车__218_932_150_76__168_882_250_176.png",
        "threshold": 0.9,
        "roi": [
            55,
            925,
            464,
            101
        ],
        "next": [
            "分享联盟位置6"
        ]
    },
    "没有火晶位置6": {
        "recognition": "TemplateMatch",
        "template": "大作战/两个火晶车__218_932_150_76__168_882_250_176.png",
        "threshold": 0.9,
        "inverse": true,
        "roi": [
            55,
            925,
            464,
            101
        ],
        "next": [
            "点位置7"
        ]
    },
    "分享联盟位置6": {
        "recognition": "TemplateMatch",
        "template": "大作战/分享按钮__610_761_46_46__560_711_146_146.png",
        "action": "Click",
        "next": [
            "分享到联盟聊天位置6"
        ]
    },
    "分享到联盟聊天位置6": {
        "recognition": "TemplateMatch",
        "template": "大作战/联盟聊天__67_522_117_106__17_472_217_206.png",
        "action": "Click",
        "post_delay": 1000,
        "next": [
            "重新点位置6"
        ]
    },
    "重新点位置6": {
        "action": "Click",
        "target": [
            166,
            568,
            9,
            20
        ],
        "post_delay": 600,
        "next": [
            "点位置7"
        ]
    },
    "点位置7": {
        "action": "Click",
        "target": [
            415,
            690,
            8,
            24
        ],
        "post_delay": 500,
        "next": [
            "检查火晶位置7",
            "没有火晶位置7"
        ]
    },
    "检查火晶位置7": {
        "recognition": "TemplateMatch",
        "template": "大作战/两个火晶车__218_932_150_76__168_882_250_176.png",
        "threshold": 0.9,
        "roi": [
            55,
            925,
            464,
            101
        ],
        "next": [
            "分享联盟位置7"
        ]
    },
    "没有火晶位置7": {
        "recognition": "TemplateMatch",
        "template": "大作战/两个火晶车__218_932_150_76__168_882_250_176.png",
        "threshold": 0.9,
        "inverse": true,
        "roi": [
            55,
            925,
            464,
            101
        ],
        "next": [
            "点位置8"
        ]
    },
    "分享联盟位置7": {
        "recognition": "TemplateMatch",
        "template": "大作战/分享按钮__610_761_46_46__560_711_146_146.png",
        "action": "Click",
        "next": [
            "分享到联盟聊天位置7"
        ]
    },
    "分享到联盟聊天位置7": {
        "recognition": "TemplateMatch",
        "template": "大作战/联盟聊天__67_522_117_106__17_472_217_206.png",
        "action": "Click",
        "post_delay": 1000,
        "next": [
            "重新点位置7"
        ]
    },
    "重新点位置7": {
        "action": "Click",
        "target": [
            166,
            568,
            9,
            20
        ],
        "post_delay": 600,
        "next": [
            "点位置8"
        ]
    },
    "点位置8": {
        "action": "Click",
        "target": [
            531,
            653,
            8,
            17
        ],
        "post_delay": 500,
        "next": [
            "检查火晶位置8",
            "没有火晶位置8"
        ]
    },
    "检查火晶位置8": {
        "recognition": "TemplateMatch",
        "template": "大作战/两个火晶车__218_932_150_76__168_882_250_176.png",
        "threshold": 0.9,
        "roi": [
            55,
            925,
            464,
            101
        ],
        "next": [
            "分享联盟位置8"
        ]
    },
    "没有火晶位置8": {
        "recognition": "TemplateMatch",
        "template": "大作战/两个火晶车__218_932_150_76__168_882_250_176.png",
        "threshold": 0.9,
        "inverse": true,
        "roi": [
            55,
            925,
            464,
            101
        ],
        "next": [
            "刷新货车"
        ]
    },
    "分享联盟位置8": {
        "recognition": "TemplateMatch",
        "template": "大作战/分享按钮__610_761_46_46__560_711_146_146.png",
        "action": "Click",
        "next": [
            "分享到联盟聊天位置8"
        ]
    },
    "分享到联盟聊天位置8": {
        "recognition": "TemplateMatch",
        "template": "大作战/联盟聊天__67_522_117_106__17_472_217_206.png",
        "action": "Click",
        "post_delay": 1000,
        "next": [
            "刷新货车"
        ]
    },
    "刷新货车": {
        "target": [
            632,
            405,
            9,
            13
        ],
        "action": "Click",
        "post_delay": 5000,
        "next": [
            "点位置1"
        ]
    },
    "大作战发车入口": {
        "next": [
            "如果没有领主档案14大作战发车",
            "点击返回14大作战发车"
        ]
    },
    "如果没有领主档案14大作战发车": {
        "recognition": "OCR",
        "expected": "领主档案",
        "roi": [
            84,
            14,
            164,
            58
        ],
        "inverse": true,
        "next": [
            "点击领主或者返回14大作战发车"
        ]
    },
    "点击领主或者返回14大作战发车": {
        "action": "Click",
        "target": [
            10,
            9,
            3,
            3
        ],
        "next": [
            "大作战发车入口"
        ]
    },
    "点击返回14大作战发车": {
        "action": "Click",
        "target": [
            10,
            9,
            3,
            3
        ],
        "next": [
            "点击大作战发车图标"
        ]
    },
    "点击大作战发车图标": {
        "recognition": "TemplateMatch",
        "template": "大作战/发车图标__527_1024_63_57__477_974_163_157.png",
        "action": "Click",
        "roi": [
            420,
            824,
            209,
            274
        ],
        "next": [
            "进入大作战发车页面"
        ]
    },
    "进入大作战发车页面": {
        "recognition": "OCR",
        "expected": "我的货车",
        "action": "Click",
        "roi": [
            62,
            215,
            302,
            92
        ],
        "next": [
            "确认护送完成",
            "点击大作战发车",
            "大作战发车完成"
        ]
    },
    "确认护送完成": {
        "recognition": "TemplateMatch",
        "template": "大作战/护送完成__212_559_46_42__162_509_146_142.png",
        "roi": [
            136,
            457,
            444,
            242
        ],
        "action": "Click",
        "next": [
            "大作战点击任意位置完成"
        ]
    },
    "大作战点击任意位置完成": {
        "recognition": "OCR",
        "expected": "点击任意位置退出",
        "action": "Click",
        "roi": [
            190,
            1143,
            406,
            118
        ],
        "next": [
            "进入大作战发车页面"
        ]
    },
    "点击大作战发车": {
        "recognition": "ColorMatch",
        "upper": [
            109,
            254,
            143
        ],
        "lower": [
            109,
            254,
            140
        ],
        "roi": [
            147,
            569,
            431,
            306
        ],
        "connected": true,
        "action": "Click",
        "next": [
            "点击护送发车"
        ]
    },
    "点击护送发车": {
        "recognition": "OCR",
        "expected": "护送",
        "action": "Click",
        "roi": [
            222,
            987,
            277,
            80
        ],
        "next": [
            "护送低品质确定按钮",
            "进入大作战发车页面"
        ]
    },
    "护送低品质确定按钮": {
        "recognition": "TemplateMatch",
        "template": "大作战/低品质护送确定按钮__415_755_203_68__365_705_303_168.png",
        "roi": [
            360,
            676,
            301,
            181
        ],
        "action": "Click",
        "next": [
            "进入大作战发车页面"
        ]
    },
    "大作战发车完成": {}
}