{
    "地心探险": {
        "next": [
            "如果没有探险功能9",
            "关闭行军按钮9",
            "ClickExpandIcon9"
        ]
    },
    "如果没有探险功能9": {
        "recognition": "OCR",
        "expected": "探险",
        "roi": [
            5,
            1176,
            124,
            105
        ],
        "inverse": true,
        "next": [
            "点击返回9"
        ]
    },
    "点击返回9": {
        "action": "Click",
        "target": [
            6,
            6,
            5,
            4
        ],
        "next": [
            "地心探险"
        ]
    },
    "关闭行军按钮9": {
        "recognition": "TemplateMatch",
        "template": "行军已展开__11_193_86_37__0_143_147_137.png",
        "action": "Click",
        "roi": [
            5,
            177,
            257,
            63
        ],
        "threshold": 0.95,
        "next": [
            "ClickExpandIcon9"
        ]
    },
    "ClickExpandIcon9": {
        "action": "Click",
        "target": [
            7,
            585,
            7,
            6
        ],
        "next": [
            "向上滑动展开菜单9"
        ]
    },
    "向上滑动展开菜单9": {
        "action": "Swipe",
        "begin": [
            205,
            803,
            33,
            12
        ],
        "end": [
            182,
            327,
            10,
            11
        ],
        "post_delay": 600,
        "next": [
            "点击地心探险icon"
        ]
    },
    "点击地心探险icon": {
        "recognition": "TemplateMatch",
        "template": "展开菜单地心探险按钮__22_802_52_49__0_752_124_149.png",
        "threshold": 0.95,
        "pre_delay": 500,
        "action": "Click",
        "roi": [
            10,
            321,
            93,
            536
        ],
        "next": [
            "进入地心探险"
        ]
    },
    "进入地心探险": {
        "recognition": "OCR",
        "expected": "地心探险",
        "roi": [
            4,
            1,
            303,
            61
        ],
        "next": [
            "点击扫荡按钮",
            "地心探险完成"
        ]
    },
    "点击扫荡按钮": {
        "recognition": "TemplateMatch",
        "template": "地心扫荡按钮__447_202_41_60__397_152_141_160.png",
        "action": "Click",
        "threshold": 0.5,
        "next": [
            "扫荡关卡"
        ]
    },
    "扫荡关卡": {
        "recognition": "OCR",
        "expected": "扫荡",
        "roi": [
            206,
            1174,
            300,
            81
        ],
        "action": "Click",
        "next": [
            "领取扫荡奖励"
        ]
    },
    "领取扫荡奖励": {
        "recognition": "OCR",
        "expected": "领取",
        "roi": [
            203,
            812,
            324,
            99
        ],
        "action": "Click",
        "post_delay": 500,
        "next": [
            "返回地心探险"
        ]
    },
    "返回地心探险": {
        "recognition": "TemplateMatch",
        "template": "扫荡返回地心探险按钮__11_7_64_56__0_0_125_113.png",
        "roi": [
            4,
            1,
            303,
            61
        ],
        "action": "Click",
        "next": [
            "进入地心探险"
        ]
    },
    "地心探险完成": {}
}