{
    "处理其他设备登陆开始收集": {
        "next": [
            "其他设备登陆",
            "每日两次收集"
        ]
    },
    "收集Entry处理其他设备登陆": {
        "action": "Click",
        "target": [
            3,
            1265,
            0,
            0
        ],
        "next": [
            "点击最左下角2"
        ]
    },
    "点击最左下角2": {
        "action": "Click",
        "target": [
            3,
            1265,
            0,
            0
        ],
        "next": [
            "点击最左下角3"
        ]
    },
    "点击最左下角3": {
        "action": "Click",
        "target": [
            3,
            1265,
            0,
            0
        ],
        "next": [
            "点击最左下角4"
        ]
    },
    "点击最左下角4": {
        "action": "Click",
        "target": [
            3,
            1265,
            0,
            0
        ],
        "next": [
            "处理其他设备登陆开始收集"
        ]
    },
    "其他设备登陆": {
        "recognition": "OCR",
        "expected": "账号已经在其他设备登录，您已被强制下线。",
        "roi": [
            36,
            565,
            646,
            113
        ],
        "next": [
            "重新连接"
        ]
    },
    "重新连接": {
        "recognition": "OCR",
        "expected": "重新连接",
        "action": "Click",
        "roi": [
            346,
            688,
            363,
            223
        ],
        "post_wait_freezes": 2000,
        "next": [
            "重新连接完成"
        ]
    },
    "重新连接完成": {
        "next": [
            "每日两次收集"
        ]
    },
    "返回野外或者城镇": {
        "recognition": "OCR",
        "expected": "探险",
        "roi": [
            5,
            1176,
            124,
            105
        ],
        "inverse": true,
        "next": [
            "点击返回并查看是不是在野外或者城镇"
        ]
    },
    "点击返回并查看是不是在野外或者城镇": {
        "action": "Click",
        "target": [
            6,
            6,
            5,
            4
        ],
        "next": [
            "返回野外或者城镇"
        ]
    },
    "启动游戏": {
        "action": "StartApp",
        "package": "com.gof.global"
    }
}