    {
        "钓鱼入口": {
            "next": [
                "如果没有领主档案14钓鱼",
                "点击返回14钓鱼"
            ]
        },
        "如果没有领主档案14钓鱼": {
            "recognition": "OCR",
            "expected": "领主档案",
            "roi": [
                84,
                14,
                164,
                58
            ],
            "inverse": true,
            "next": [
                "点击领主或者返回14钓鱼"
            ]
        },
        "点击领主或者返回14钓鱼": {
            "action": "Click",
            "target": [
                10,
                9,
                3,
                3
            ],
            "next": [
                "钓鱼入口"
            ]
        },
        "点击返回14钓鱼": {
            "action": "Click",
            "target": [
                10,
                9,
                3,
                3
            ],
            "next": [
                "点击钓鱼图标",
                "点击钓鱼锦标赛"
            ]
        },
        "点击钓鱼图标": {
            "recognition": "TemplateMatch",
            "template": "钓鱼/钓鱼图标__522_131_80_66__472_81_180_166.png",
            "green_mask": true,
            "action": "Click",
            "roi": [
                480,
                93,
                237,
                402
            ],
            "next": [
                "进入钓鱼页面"
            ]
        },
        "点击钓鱼锦标赛": {
            "recognition": "OCR",
            "expected": "钓鱼锦标赛",
            "action": "Click",
            "roi": [
                480,
                93,
                237,
                402
            ],
            "next": [
                "进入钓鱼页面"
            ]
        },
        "进入钓鱼页面": {
            "recognition": "OCR",
            "expected": "钓鱼锦标赛",
            "roi": [
                11,
                6,
                356,
                67
            ],
            "next": [
                "钓鱼跳过介绍",
                "钓鱼移动到最前"
            ]
        },
        "钓鱼跳过介绍": {
            "recognition": "OCR",
            "expected": "跳过",
            "action": "Click",
            "next": [
                "钓鱼移动到最前"
            ]
        },
        "钓鱼移动到最前": {
            "action": "Swipe",
            "begin": [
                54,
                134,
                10,
                16
            ],
            "end": [
                342,
                139,
                8,
                11
            ],
            "next": [
                "钓鱼移动到最前tab2"
            ]
        },
        "钓鱼移动到最前tab2": {
            "action": "Swipe",
            "begin": [
                54,
                134,
                10,
                16
            ],
            "end": [
                342,
                139,
                8,
                11
            ],
            "next": [
                "钓鱼移动到最前tab3"
            ]
        },
        "钓鱼移动到最前tab3": {
            "action": "Swipe",
            "begin": [
                54,
                134,
                10,
                16
            ],
            "end": [
                342,
                139,
                8,
                11
            ],
            "next": [
                "找到钓鱼竞标赛图标",
                "找到钓鱼竞标赛图标2"
            ]
        },
        "找到钓鱼竞标赛图标": {
            "recognition": "TemplateMatch",
            "template": "钓鱼/竞标赛tab图标__84_99_104_79__34_49_204_179.png",
            "action": "Click",
            "roi": [
                21,
                96,
                658,
                95
            ],
            "next": []
        },
        "找到钓鱼竞标赛图标2": {
            "recognition": "TemplateMatch",
            "template": "钓鱼/钓鱼竞标赛tab图标2__84_99_104_79__34_49_204_179.png",
            "action": "Click",
            "roi": [
                21,
                96,
                658,
                95
            ],
            "next": [
                "点击钓鱼金色宝箱"
            ]
        },
        "点击钓鱼金色宝箱": {
            "recognition": "TemplateMatch",
            "template": "钓鱼/金色宝箱__66_367_53_50__16_317_153_150.png",
            "action": "Click",
            "next": [
                "钓鱼点击任意位置退出"
            ]
        },
        "钓鱼点击任意位置退出": {
            "recognition": "OCR",
            "expected": "点击任意位置退出",
            "roi": [
                162,
                1124,
                379,
                116
            ],
            "action": "Click",
            "next": [
                "进行免费英雄招募"
            ],
            "on_error": [
                "免费招募奖励完成"
            ]
        },
        "进行钓鱼": {}
    }