{
    "礼品码入口": {
        "next": [
            "如果没有领主档案14礼品码",
            "点击设置"
        ]
    },
    "如果没有领主档案14礼品码": {
        "recognition": "OCR",
        "expected": "领主档案",
        "roi": [
            84,
            14,
            164,
            58
        ],
        "inverse": true,
        "next": [
            "点击领主或者返回14礼品码"
        ]
    },
    "点击领主或者返回14礼品码": {
        "action": "Click",
        "target": [
            10,
            9,
            3,
            3
        ],
        "next": [
            "礼品码入口"
        ]
    },
    "点击设置": {
        "action": "Click",
        "recognition": "OCR",
        "expected": "设置",
        "roi": [
            539,
            1147,
            172,
            118
        ],
        "next": [
            "点击兑换码"
        ]
    },
    "点击兑换码": {
        "action": "Click",
        "recognition": "OCR",
        "expected": "兑换码",
        "roi": [
            351,
            400,
            350,
            123
        ],
        "next": [
            "看到礼包兑换"
        ]
    },
    "看到礼包兑换": {
        "recognition": "OCR",
        "action": "Click",
        "expected": "请输入兑换码",
        "roi": [
            77,
            572,
            340,
            95
        ],
        "next": [
            "等待礼包输入框"
        ]
    },
    "等待礼包输入框": {
        "recognition": "TemplateMatch",
        "template": "治疗/输入ok按钮__563_1073_145_87__513_1023_207_187.png",
        "roi": [
            439,
            981,
            282,
            300
        ],
        "next": [
            "输入礼品码"
        ]
    },
    "输入礼品码": {
        "action": "InputText",
        "input_text": "pV17PzRwh",
        "next": [
            "礼品码输入回车键"
        ],
        "post_delay": 600
    },
    "礼品码输入回车键": {
        "action": "Key",
        "key": 66,
        "next": [
            "点击兑换"
        ]
    },
    "点击兑换": {
        "recognition": "TemplateMatch",
        "template": "礼品码/兑换__252_728_216_76__202_678_316_176.png",
        "threshold": 0.9,
        "action": "Click",
        "roi": [
            167,
            690,
            436,
            144
        ],
        "next": [
            "礼品码完成"
        ]
    },
    "礼品码完成": {}
}