{
    "一次治疗入口设置治疗数": {
        "next": [
            "如果没有领主档案15",
            "点击返回15"
        ]
    },
    "如果没有领主档案15": {
        "recognition": "OCR",
        "expected": "领主档案",
        "roi": [
            84,
            14,
            164,
            58
        ],
        "inverse": true,
        "next": [
            "点击领主或者返回15"
        ]
    },
    "点击领主或者返回15": {
        "action": "Click",
        "target": [
            10,
            9,
            3,
            3
        ],
        "next": [
            "一次治疗入口设置治疗数"
        ]
    },
    "点击返回15": {
        "action": "Click",
        "target": [
            10,
            9,
            3,
            3
        ],
        "next": [
            "治疗进入野外界面",
            "野外点击图标治疗"
        ]
    },
    "治疗进入野外界面": {
        "recognition": "OCR",
        "expected": "野外",
        "roi": [
            514,
            1170,
            205,
            111
        ],
        "action": "Click",
        "next": [
            "野外点击图标治疗"
        ]
    },
    "野外点击图标治疗": {
        "next": [
            "野外点击治疗按钮1",
            "野外点击治疗按钮2"
        ]
    },
    "野外点击治疗按钮1": {
        "recognition": "TemplateMatch",
        "template": "治疗/野外治疗按钮1__535_1023_46_50__485_973_146_150.png",
        "action": "Click",
        "roi": [
            448,
            865,
            180,
            235
        ],
        "next": [
            "设置治疗数目循环",
            "治疗循环"
        ]
    },
    "设置治疗数目循环": {
        "enabled": true,
        "next": [
            "重置治疗数目",
            "进入设置治疗数目"
        ]
    },
    "野外点击治疗按钮2": {
        "recognition": "TemplateMatch",
        "template": "治疗/野外治疗图标2__535_1023_46_50__485_973_146_150.png",
        "action": "Click",
        "roi": [
            448,
            865,
            180,
            235
        ],
        "next": [
            "野外点击治疗按钮1"
        ]
    },
    "野外点击治疗按钮3": {
        "recognition": "TemplateMatch",
        "template": "治疗/治疗图标3帮助__530_1028_56_42__480_978_156_142.png",
        "action": "Click",
        "roi": [
            448,
            865,
            180,
            235
        ],
        "next": [
            "野外点击治疗按钮1"
        ]
    },
    "治疗循环": {
        "next": [
            "点击治疗按钮",
            "点击治疗联盟互助"
        ]
    },
    "重置治疗数目": {
        "recognition": "TemplateMatch",
        "template": "治疗/灰色0个治疗__206_879_409_102__156_829_509_202.png",
        "roi": [
            64,
            825,
            580,
            183
        ],
        "inverse": true,
        "next": [
            "点击快速选择"
        ]
    },
    "进入设置治疗数目": {
        "recognition": "TemplateMatch",
        "template": "治疗/灰色0个治疗__206_879_409_102__156_829_509_202.png",
        "roi": [
            64,
            825,
            580,
            183
        ],
        "next": [
            "治疗点击第一个0"
        ]
    },
    "治疗点击第一个0": {
        "recognition": "TemplateMatch",
        "template": "治疗/第一个0输入框__490_386_105_38__440_336_205_138.png",
        "roi": [
            466,
            348,
            143,
            96
        ],
        "action": "Click",
        "post_delay": 500,
        "next": [
            "等待输入框"
        ]
    },
    "等待输入框": {
        "recognition": "OCR",
        "expected": "OK",
        "roi": [
            1,
            996,
            720,
            279
        ],
        "next": [
            "输入治疗数8"
        ]
    },
    "输入治疗数目": {
        "action": "InputText",
        "input_text": "800",
        "next": [
            "输入回车键"
        ]
    },
    "点击快速选择": {
        "action": "Click",
        "recognition": "TemplateMatch",
        "template": "治疗/快速选择按钮__90_900_88_73__40_850_188_173.png",
        "roi": [
            65,
            837,
            152,
            156
        ],
        "next": [
            "设置治疗数目循环"
        ]
    },
    "点击治疗按钮": {
        "recognition": "TemplateMatch",
        "roi": [
            398,
            828,
            241,
            192
        ],
        "template": "治疗/治疗弹窗的治疗按钮__469_882_102_55__419_832_202_155.png",
        "action": "Click",
        "next": [
            "治疗循环"
        ]
    },
    "点击治疗联盟互助": {
        "recognition": "TemplateMatch",
        "roi": [
            398,
            828,
            241,
            192
        ],
        "template": "治疗/联盟互助按钮__440_892_155_71__390_842_255_171.png",
        "action": "Click",
        "next": [
            "治疗循环"
        ]
    },
    "直接点击治疗按钮": {
        "action": "Click",
        "target": [
            498,
            918,
            45,
            14
        ]
    },
    "输入治疗数2": {
        "action": "Key",
        "key": 146,
        "next": [
            "输入治疗数9"
        ]
    },
    "输入治疗数9": {
        "action": "Key",
        "key": 153,
        "next": [
            "输入治疗数0"
        ]
    },
    "输入治疗数0": {
        "action": "Key",
        "key": 144,
        "next": [
            "输入回车键"
        ]
    },
    "输入治疗数1": {
        "action": "Key",
        "key": 145,
        "next": [
            "输入治疗数0"
        ]
    },
    "输入治疗数3": {
        "action": "Key",
        "key": 147
    },
    "输入治疗数4": {
        "action": "Key",
        "key": 148
    },
    "输入治疗数5": {
        "action": "Key",
        "key": 149,
        "next": [
            "输入治疗数0"
        ]
    },
    "输入治疗数6": {
        "action": "Key",
        "key": 150
    },
    "输入治疗数7": {
        "action": "Key",
        "key": 151
    },
    "输入治疗数8": {
        "action": "Key",
        "key": 152,
        "next": [
            "输入治疗数5"
        ]
    },
    "输入回车键": {
        "action": "Key",
        "key": 66,
        "next": [
            "治疗完成"
        ]
    },
    "循环治疗": {
        "next": [
            "治疗点击蓝色治疗",
            "治疗点击蓝色联盟互助",
            "治疗跳过加速"
        ],
        "on_error": [
            "治疗完成"
        ]
    },
    "治疗点击蓝色治疗": {
        "recognition": "TemplateMatch",
        "template": "治疗/蓝色治疗按钮__484_895_73_38__434_845_173_138.png",
        "action": "Click",
        "pre_delay": 50,
        "post_delay": 50,
        "roi": [
            407,
            880,
            222,
            111
        ],
        "next": [
            "循环治疗"
        ]
    },
    "治疗点击蓝色联盟互助": {
        "recognition": "TemplateMatch",
        "template": "治疗/蓝色联盟互助__447_912_145_53__397_862_245_153.png",
        "pre_delay": 50,
        "post_delay": 50,
        "action": "Click",
        "roi": [
            407,
            880,
            222,
            111
        ],
        "next": [
            "循环治疗"
        ]
    },
    "治疗跳过加速": {
        "recognition": "TemplateMatch",
        "template": "治疗/蓝色加速__447_912_145_53__397_862_245_153.png",
        "roi": [
            407,
            880,
            222,
            111
        ],
        "pre_delay": 50,
        "post_delay": 50,
        "next": [
            "循环治疗"
        ]
    },
    "治疗完成": {}
}