{
    "任意位置处理情报": {
        "next": [
            "返回野外或者城镇页面",
            "进入野外界面",
            "野外处理情报"
        ]
    },
    "返回野外或者城镇页面": {
        "recognition": "OCR",
        "expected": "探险",
        "roi": [
            5,
            1176,
            124,
            105
        ],
        "inverse": true,
        "next": [
            "点击返回并查看是不是在野外或者城镇页面"
        ]
    },
    "点击返回并查看是不是在野外或者城镇页面": {
        "action": "Click",
        "target": [
            6,
            6,
            5,
            4
        ],
        "next": [
            "任意位置处理情报"
        ]
    },
    "如果不是野外就进入野外": {
        "recognition": "OCR",
        "expected": "野外",
        "roi": [
            514,
            1170,
            205,
            111
        ],
        "next": [
            "进入野外界面"
        ]
    },
    "进入野外界面": {
        "recognition": "OCR",
        "expected": "野外",
        "roi": [
            514,
            1170,
            205,
            111
        ],
        "action": "Click",
        "next": [
            "任意位置处理情报"
        ]
    },
    "野外处理情报": {
        "action": "Click",
        "recognition": "TemplateMatch",
        "roi": [
            579,
            711,
            135,
            386
        ],
        "template": "野外情报按钮__634_842_60_48__584_792_136_148.png",
        "next": [
            "自动处理情报"
        ],
        "on_error": [
            "任意位置处理情报"
        ]
    },
    "自动处理情报": {
        "next": [
            "灯塔升级页面",
            "领取已完成情报",
            "寻找白色目标",
            "处理烈焰boss",
            "处理金色野兽",
            "处理紫色野兽",
            "处理蓝色野兽",
            "处理金色帐篷",
            "处理金色战斗",
            "处理紫色战斗",
            "处理蓝色战斗",
            "处理蓝色帐篷",
            "情报处理完成"
        ]
    },
    "灯塔升级页面": {
        "action": "Click",
        "recognition": "OCR",
        "expected": "点击任意位置退出",
        "next": [
            "野外处理情报",
            "自动处理情报"
        ],
        "on_error": [
            "任意位置处理情报"
        ]
    },
    "领取已完成情报": {
        "action": "Click",
        "recognition": "TemplateMatch",
        "threshold": 0.8,
        "enabled": true,
        "roi": [
            13,
            172,
            714,
            926
        ],
        "template": "情报完成标记__510_638_23_21__460_588_123_121.png",
        "next": [
            "领取奖励并退回情报页面"
        ],
        "on_error": [
            "任意位置处理情报"
        ]
    },
    "领取奖励并退回情报页面": {
        "action": "Click",
        "recognition": "OCR",
        "expected": "点击任意位置退出",
        "post_delay": 1000,
        "next": [
            "野外处理情报",
            "自动处理情报"
        ],
        "on_error": [
            "任意位置处理情报"
        ]
    },
    "领取奖励并退回情报页面2": {
        "action": "Click",
        "recognition": "OCR",
        "roi": [
            170,
            863,
            351,
            99
        ],
        "expected": "领取",
        "post_delay": 500,
        "next": [
            "领取奖励并退回情报页面",
            "野外处理情报",
            "自动处理情报"
        ],
        "on_error": [
            "任意位置处理情报"
        ]
    },
    "处理紫色野兽": {
        "action": "Click",
        "recognition": "TemplateMatch",
        "threshold": 0.95,
        "template": "purple_claw__434_770_54_52__384_720_154_152.png",
        "next": [
            "前往查看"
        ],
        "on_error": [
            "任意位置处理情报"
        ]
    },
    "处理烈焰boss": {
        "action": "Click",
        "recognition": "TemplateMatch",
        "threshold": 0.90,
        "green_mask": true,
        "template": "情报/烈焰boss__213_761_90_84__163_711_190_184.png",
        "next": [
            "前往查看"
        ],
        "on_error": [
            "任意位置处理情报"
        ]
    },
    "处理金色野兽": {
        "action": "Click",
        "recognition": "TemplateMatch",
        "threshold": 0.95,
        "template": "golden_claw__476_654_47_54__426_604_147_154.png",
        "next": [
            "前往查看"
        ],
        "on_error": [
            "任意位置处理情报"
        ]
    },
    "处理蓝色野兽": {
        "action": "Click",
        "recognition": "TemplateMatch",
        "threshold": 0.95,
        "template": "blue_claw__215_572_53_52__165_522_153_152.png",
        "next": [
            "前往查看"
        ],
        "on_error": [
            "任意位置处理情报"
        ]
    },
    "处理金色帐篷": {
        "action": "Click",
        "recognition": "TemplateMatch",
        "threshold": 0.80,
        "template": "情报金色帐篷__398_815_56_53__348_765_156_153.png",
        "next": [
            "前往查看",
            "领取奖励并退回情报页面2"
        ],
        "on_error": [
            "任意位置处理情报"
        ]
    },
    "处理蓝色帐篷": {
        "action": "Click",
        "recognition": "TemplateMatch",
        "green_mask": true,
        "threshold": 0.85,
        "template": "情报/蓝色帐篷__109_618_65_57__59_568_165_157.png",
        "next": [
            "前往查看",
            "领取奖励并退回情报页面2"
        ],
        "on_error": [
            "任意位置处理情报"
        ]
    },
    "处理金色战斗": {
        "action": "Click",
        "recognition": "TemplateMatch",
        "threshold": 0.80,
        "template": "golden_sword__238_715_44_54__188_665_144_154.png",
        "next": [
            "前往查看"
        ],
        "on_error": [
            "任意位置处理情报"
        ]
    },
    "处理紫色战斗": {
        "action": "Click",
        "recognition": "TemplateMatch",
        "threshold": 0.80,
        "template": "情报/紫色战斗__280_250_54_54__230_200_154_154.png",
        "next": [
            "前往查看"
        ],
        "on_error": [
            "任意位置处理情报"
        ]
    },
    "处理蓝色战斗": {
        "action": "Click",
        "recognition": "TemplateMatch",
        "threshold": 0.80,
        "template": "蓝色战斗__243_330_52_57__193_280_152_157.png",
        "next": [
            "前往查看"
        ],
        "on_error": [
            "任意位置处理情报"
        ]
    },
    "前往查看": {
        "action": "Click",
        "recognition": "TemplateMatch",
        "template": "hunt_step2_button__231_895_250_73__181_845_350_173.png",
        "next": [
            "攻击野兽",
            "营救帐篷",
            "金色战斗"
        ],
        "on_error": [
            "任意位置处理情报"
        ]
    },
    "攻击野兽": {
        "action": "Click",
        "template": "hunt_step3_attack__268_599_182_56__218_549_282_156.png",
        "recognition": "TemplateMatch",
        "next": [
            "出征攻击",
            "六行军已满",
            "行军队列不足"
        ],
        "post_delay": 500,
        "on_error": [
            "情报处理完成"
        ]
    },
    "六行军已满": {
        "template": "情报/行军6__193_202_50_25__143_152_150_125.png",
        "recognition": "TemplateMatch",
        "roi": [
            2,
            165,
            272,
            339
        ],
        "next": [
            "野外处理情报"
        ]
    },
    "营救帐篷": {
        "action": "Click",
        "template": "营救__312_599_97_59__262_549_197_159.png",
        "recognition": "TemplateMatch",
        "next": [
            "野外处理情报"
        ],
        "on_error": [
            "任意位置处理情报"
        ]
    },
    "金色战斗": {
        "action": "Click",
        "template": "野外探险战斗__312_599_97_59__262_549_197_159.png",
        "recognition": "TemplateMatch",
        "next": [
            "探险页面开始战斗"
        ],
        "on_error": [
            "任意位置处理情报"
        ]
    },
    "探险页面开始战斗": {
        "action": "Click",
        "template": "探险战斗__414_1162_241_76__364_1112_341_168.png",
        "recognition": "TemplateMatch",
        "post_delay": 500,
        "next": [
            "领取奖励并退回情报页面"
        ],
        "on_error": [
            "任意位置处理情报"
        ]
    },
    "出征攻击": {
        "action": "Click",
        "template": "hunt_step4_takeoff.png",
        "recognition": "TemplateMatch",
        "next": [
            "野外处理情报"
        ],
        "on_error": [
            "情报处理完成"
        ]
    },
    "寻找白色目标": {
        "recognition": "ColorMatch",
        "upper": [
            255,
            255,
            255
        ],
        "lower": [
            255,
            255,
            255
        ],
        "roi": [
            20,
            232,
            688,
            682
        ],
        "action": "Click",
        "order_by": "Random",
        "count": 10,
        "connected": true,
        "next": [
            "跳过悬赏1",
            "前往查看",
            "领取奖励并退回情报页面2",
            "领取奖励并退回情报页面"
        ]
    },
    "跳过悬赏1": {
        "recognition": "OCR",
        "expected": "悬赏",
        "action": "Click",
        "target_offset": [
            0,
            -100,
            0,
            0
        ],
        "roi": [
            211,
            334,
            283,
            60
        ],
        "next": [
            "寻找白色目标1"
        ]
    },
    "寻找白色目标1": {
        "recognition": "ColorMatch",
        "upper": [
            255,
            255,
            255
        ],
        "lower": [
            255,
            255,
            255
        ],
        "roi": [
            20,
            232,
            688,
            682
        ],
        "action": "Click",
        "order_by": "Random",
        "count": 10,
        "connected": true,
        "next": [
            "跳过悬赏2",
            "前往查看",
            "领取奖励并退回情报页面2",
            "领取奖励并退回情报页面"
        ]
    },
    "跳过悬赏2": {
        "recognition": "OCR",
        "expected": "悬赏",
        "action": "Click",
        "target_offset": [
            0,
            -100,
            0,
            0
        ],
        "roi": [
            211,
            334,
            283,
            60
        ],
        "next": [
            "寻找白色目标2"
        ]
    },
    "寻找白色目标2": {
        "recognition": "ColorMatch",
        "upper": [
            255,
            255,
            255
        ],
        "lower": [
            255,
            255,
            255
        ],
        "roi": [
            20,
            232,
            688,
            682
        ],
        "action": "Click",
        "order_by": "Random",
        "count": 10,
        "connected": true,
        "next": [
            "跳过悬赏3",
            "前往查看",
            "领取奖励并退回情报页面2",
            "领取奖励并退回情报页面"
        ]
    },
    "跳过悬赏3": {
        "recognition": "OCR",
        "expected": "悬赏",
        "action": "Click",
        "target_offset": [
            0,
            -100,
            0,
            0
        ],
        "roi": [
            211,
            334,
            283,
            60
        ],
        "next": [
            "寻找白色目标3"
        ]
    },
    "寻找白色目标3": {
        "recognition": "ColorMatch",
        "upper": [
            255,
            255,
            255
        ],
        "lower": [
            255,
            255,
            255
        ],
        "roi": [
            20,
            232,
            688,
            682
        ],
        "action": "Click",
        "order_by": "Random",
        "count": 10,
        "connected": true,
        "next": [
            "跳过悬赏4",
            "前往查看",
            "领取奖励并退回情报页面2",
            "领取奖励并退回情报页面"
        ]
    },
    "跳过悬赏4": {
        "recognition": "OCR",
        "expected": "悬赏",
        "action": "Click",
        "target_offset": [
            0,
            -100,
            0,
            0
        ],
        "roi": [
            211,
            334,
            283,
            60
        ],
        "next": [
            "寻找白色目标4"
        ]
    },
    "寻找白色目标4": {
        "recognition": "ColorMatch",
        "upper": [
            255,
            255,
            255
        ],
        "lower": [
            255,
            255,
            255
        ],
        "roi": [
            20,
            232,
            688,
            682
        ],
        "action": "Click",
        "order_by": "Random",
        "count": 10,
        "connected": true,
        "next": [
            "跳过悬赏5",
            "前往查看",
            "领取奖励并退回情报页面2",
            "领取奖励并退回情报页面"
        ]
    },
    "跳过悬赏5": {
        "recognition": "OCR",
        "expected": "悬赏",
        "action": "Click",
        "target_offset": [
            0,
            -100,
            0,
            0
        ],
        "roi": [
            211,
            334,
            283,
            60
        ],
        "next": [
            "寻找白色目标5"
        ]
    },
    "寻找白色目标5": {
        "recognition": "ColorMatch",
        "upper": [
            255,
            255,
            255
        ],
        "lower": [
            255,
            255,
            255
        ],
        "roi": [
            20,
            232,
            688,
            682
        ],
        "action": "Click",
        "order_by": "Random",
        "count": 10,
        "connected": true,
        "next": [
            "情报处理完成"
        ]
    },
    "行军队列不足": {
        "recognition": "TemplateMatch",
        "action": "Click",
        "target_offset": [
            0,
            -260,
            0,
            0
        ],
        "template": "情报/行军队列弹窗__138_308_338_206__88_258_438_306.png",
        "next": [
            "野外处理情报"
        ]
    },
    "寻找灰白色目标": {
        "recognition": "ColorMatch",
        "upper": [
            234,
            240,
            243
        ],
        "lower": [
            222,
            225,
            230
        ],
        "roi": [
            20,
            232,
            688,
            682
        ],
        "action": "Click",
        "order_by": "Random",
        "connected": true,
        "next": [
            "情报处理完成"
        ]
    },
    "情报处理完成": {}
}