{
    "找到火晶激活图标循环": {
        "next": [
            "点击火晶激活tab",
            "点击火晶激活tab2",
            "已经到了超值活动最后一个tab",
            "火晶激活向右移动一格"
        ]
    },
    "点击火晶激活tab": {
        "template": "超值活动/火晶激活已点开__87_106_95_67__37_56_195_167.png",
        "recognition": "TemplateMatch",
        "roi": [
            4,
            88,
            711,
            103
        ],
        "action": "Click",
        "next": [
            "领取火晶灰烬"
        ]
    },
    "点击火晶激活tab2": {
        "recognition": "OCR",
        "expected": "火晶激活计划",
        "roi": [
            4,
            88,
            711,
            103
        ],
        "action": "Click",
        "next": "领取火晶灰烬"
    },
    "已经到了超值活动最后一个tab": {
        "expected": "银行",
        "recognition": "OCR",
        "roi": [
            4,
            88,
            711,
            103
        ],
        "next": [
            "超值活动完成"
        ]
    },
    "火晶激活向右移动一格": {
        "action": "Swipe",
        "begin": [
            395,
            143,
            8,
            13
        ],
        "end": [
            292,
            139,
            6,
            13
        ],
        "next": [
            "找到火晶激活图标循环"
        ]
    },
    "领取火晶灰烬": {
        "recognition": "OCR",
        "expected": "获取",
        "action": "Click",
        "roi": [
            554,
            1122,
            116,
            135
        ],
        "next": [
            "领取火晶灰烬页面"
        ]
    },
    "领取火晶灰烬页面": {
        "recognition": "TemplateMatch",
        "template": "超值活动/火晶激活领取页面__156_139_325_170__106_89_425_270.png",
        "next": [
            "点击领取按钮",
            "关闭火晶激活领取页面"
        ]
    },
    "关闭火晶激活领取页面": {
        "recognition": "TemplateMatch",
        "template": "超值活动/火晶激活计划关闭按钮__638_139_48_48__588_89_132_148.png",
        "action": "Click",
        "next": [
            "兑换火晶"
        ]
    },
    "兑换火晶": {
        "recognition": "TemplateMatch",
        "template": "超值活动/火晶激活计划兑换页面__28_201_448_96__0_151_526_196.png",
        "next": [
            "点击兑换1"
        ]
    },
    "点击兑换1": {
        "action": "Click",
        "target": [
            358,
            1207,
            24,
            11
        ],
        "next": [
            "点击兑换2"
        ]
    },
    "点击兑换2": {
        "action": "Click",
        "target": [
            358,
            1207,
            24,
            11
        ],
        "next": [
            "点击兑换3"
        ]
    },
    "点击兑换3": {
        "action": "Click",
        "target": [
            358,
            1207,
            24,
            11
        ],
        "next": [
            "点击兑换4"
        ]
    },
    "点击兑换4": {
        "action": "Click",
        "target": [
            358,
            1207,
            24,
            11
        ],
        "next": [
            "点击兑换5"
        ]
    },
    "点击兑换5": {
        "action": "Click",
        "target": [
            358,
            1207,
            24,
            11
        ],
        "next": [
            "超值活动完成"
        ]
    },
    "点击领取按钮": {
        "recognition": "TemplateMatch",
        "template": "超值活动/火晶激活计划领取按钮__515_276_115_52__465_226_215_152.png",
        "action": "Click",
        "roi": [
            427,
            188,
            242,
            383
        ],
        "next": [
            "领取火晶灰烬页面"
        ]
    },
    "超值活动完成": {}
}