{
    "找到开拓的诗图标循环": {
        "next": [
            "点击开拓的诗tab",
            "点击开拓的诗tab2",
            "已经到了超值活动最后一个tab",
            "开拓的诗向右移动一格"
        ]
    },
    "点击开拓的诗tab": {
        "recognition": "TemplateMatch",
        "template": "特殊/开拓的诗篇图标__273_98_118_78__223_48_218_178.png",
        "action": "Click",
        "roi": [
            2,
            44,
            727,
            199
        ],
        "next": []
    },
    "点击开拓的诗tab2": {
        "recognition": "TemplateMatch",
        "template": "特殊/开拓的诗篇图标2__273_113_126_64__223_63_226_164.png",
        "action": "Click",
        "roi": [
            2,
            44,
            727,
            199
        ],
        "next": []
    },
    "开拓的诗向右移动一格": {
        "action": "Swipe",
        "begin": [
            395,
            143,
            8,
            13
        ],
        "end": [
            292,
            139,
            6,
            13
        ],
        "next": [
            "找到开拓的诗图标循环"
        ]
    },
    "点击第一天": {
        "action": "Click",
        "target": [
            85,
            569,
            25,
            37
        ],
        "post_delay": 500
    },
    "点击第二天": {
        "action": "Click",
        "target": [
            208,
            570,
            29,
            33
        ],
        "post_delay": 500
    },
    "点击第三天": {
        "action": "Click",
        "target": [
            341,
            573,
            20,
            34
        ],
        "post_delay": 500
    },
    "点击第四天": {
        "action": "Click",
        "target": [
            471,
            578,
            22,
            28
        ],
        "post_delay": 500
    },
    "点击第五天": {
        "action": "Click",
        "target": [
            593,
            580,
            29,
            29
        ],
        "post_delay": 500
    },
    "点击第一tab": {
        "target": [
            96,
            655,
            75,
            18
        ],
        "action": "Click",
        "post_delay": 500
    },
    "点击第二tab": {
        "target": [
            314,
            655,
            91,
            16
        ],
        "action": "Click",
        "post_delay": 500
    },
    "点击第三tab": {
        "target": [
            526,
            659,
            88,
            18
        ],
        "action": "Click",
        "post_delay": 500
    },
    "开拓的诗篇领取循环": {
        "next": [
            "开拓的诗篇领取",
            "跳过任意位置介绍",
            "领取完成"
        ]
    },
    "开拓的诗篇领取": {
        "recognition": "TemplateMatch",
        "template": "特殊/开拓领取绿色图标__547_787_108_48__497_737_208_148.png",
        "threshold": 0.95,
        "action": "Click",
        "roi": [
            490,
            709,
            199,
            521
        ],
        "next": [
            "跳过任意位置介绍",
            "开拓的诗篇领取循环",
            "领取完成"
        ]
    },
    "跳过任意位置介绍": {
        "recognition": "OCR",
        "expected": "点击任意位置继续",
        "action": "Click",
        "next": [
            "开拓的诗篇领取循环"
        ]
    },
    "领取完成": {}
}