{
    "邮件奖励入口": {
        "next": [
            "如果没有领主档案12",
            "邮件奖励返回城镇页面"
        ]
    },
    "如果没有领主档案12": {
        "recognition": "OCR",
        "expected": "领主档案",
        "roi": [
            84,
            14,
            164,
            58
        ],
        "inverse": true,
        "next": [
            "点击领主或者返回12"
        ]
    },
    "点击领主或者返回12": {
        "action": "Click",
        "target": [
            55,
            57,
            2,
            4
        ],
        "next": [
            "邮件奖励入口"
        ]
    },
    "邮件奖励返回城镇页面": {
        "action": "Click",
        "target": [
            55,
            57,
            2,
            4
        ],
        "next": [
            "进入邮件奖励"
        ]
    },
    "进入邮件奖励": {
        "recognition": "TemplateMatch",
        "template": "邮件/邮件图标__637_1027_54_45__587_977_133_145.png",
        "roi": [
            563,
            910,
            155,
            187
        ],
        "action": "Click",
        "next": [
            "点击联盟邮件奖励tab"
        ]
    },
    "点击联盟邮件奖励tab": {
        "recognition": "OCR",
        "expected": "联盟",
        "action": "Click",
        "roi": [
            14,
            65,
            704,
            112
        ],
        "next": [
            "联盟邮件奖励一键领取",
            "点击系统邮件奖励tab"
        ]
    },
    "联盟邮件奖励一键领取": {
        "action": "Click",
        "target": [
            443,
            1221,
            26,
            32
        ],
        "next": [
            "联盟邮件奖励一键领取1"
        ]
    },
    "联盟邮件奖励一键领取1": {
        "action": "Click",
        "target": [
            443,
            1221,
            26,
            32
        ],
        "next": [
            "联盟邮件奖励一键领取2"
        ]
    },
    "联盟邮件奖励一键领取2": {
        "action": "Click",
        "target": [
            443,
            1221,
            26,
            32
        ],
        "next": [
            "联盟邮件奖励一键领取3"
        ]
    },
    "联盟邮件奖励一键领取3": {
        "action": "Click",
        "target": [
            443,
            1221,
            26,
            32
        ],
        "next": [
            "联盟邮件奖励一键领取4"
        ]
    },
    "联盟邮件奖励一键领取4": {
        "action": "Click",
        "target": [
            443,
            1221,
            26,
            32
        ],
        "next": [
            "联盟邮件奖励一键领取5"
        ]
    },
    "联盟邮件奖励一键领取5": {
        "action": "Click",
        "target": [
            443,
            1221,
            26,
            32
        ],
        "next": [
            "联盟邮件删除已读",
            "点击系统邮件奖励tab"
        ]
    },
    "联盟邮件删除已读": {
        "recognition": "TemplateMatch",
        "template": "邮件/删除已读__91_1218_37_40__41_1168_137_112.png",
        "action": "Click",
        "roi": [
            5,
            1184,
            686,
            102
        ],
        "next": [
            "联盟邮件删除确认",
            "点击系统邮件奖励tab"
        ]
    },
    "联盟邮件删除确认": {
        "recognition": "OCR",
        "expected": "确定",
        "roi": [
            61,
            712,
            604,
            139
        ],
        "action": "Click",
        "next": [
            "点击系统邮件奖励tab"
        ]
    },
    "点击系统邮件奖励tab": {
        "recognition": "OCR",
        "expected": "系统",
        "action": "Click",
        "roi": [
            14,
            65,
            704,
            112
        ],
        "next": [
            "系统邮件奖励一键领取",
            "系统邮件删除已读",
            "点击系统邮件奖励tab"
        ]
    },
    "系统邮件奖励一键领取": {
        "action": "Click",
        "target": [
            443,
            1221,
            26,
            32
        ],
        "next": [
            "系统邮件奖励一键领取1"
        ]
    },
    "系统邮件奖励一键领取1": {
        "action": "Click",
        "target": [
            443,
            1221,
            26,
            32
        ],
        "next": [
            "系统邮件奖励一键领取2"
        ]
    },
    "系统邮件奖励一键领取2": {
        "action": "Click",
        "target": [
            443,
            1221,
            26,
            32
        ],
        "next": [
            "系统邮件奖励一键领取3"
        ]
    },
    "系统邮件奖励一键领取3": {
        "action": "Click",
        "target": [
            443,
            1221,
            26,
            32
        ],
        "next": [
            "系统邮件奖励一键领取4"
        ]
    },
    "系统邮件奖励一键领取4": {
        "action": "Click",
        "target": [
            443,
            1221,
            26,
            32
        ],
        "next": [
            "系统邮件奖励一键领取5"
        ]
    },
    "系统邮件奖励一键领取5": {
        "action": "Click",
        "target": [
            443,
            1221,
            26,
            32
        ],
        "next": [
            "点击报告邮件奖励tab"
        ]
    },
    "系统邮件删除已读": {
        "recognition": "TemplateMatch",
        "template": "邮件/删除已读__91_1218_37_40__41_1168_137_112.png",
        "action": "Click",
        "roi": [
            5,
            1184,
            686,
            102
        ],
        "next": [
            "系统邮件删除确认",
            "点击报告邮件奖励tab"
        ]
    },
    "系统邮件删除确认": {
        "recognition": "OCR",
        "expected": "确定",
        "roi": [
            61,
            712,
            604,
            139
        ],
        "action": "Click",
        "next": [
            "点击报告邮件奖励tab"
        ]
    },
    "点击报告邮件奖励tab": {
        "recognition": "OCR",
        "expected": "报告",
        "action": "Click",
        "roi": [
            14,
            65,
            704,
            112
        ],
        "next": [
            "报告邮件奖励一键领取",
            "报告邮件删除已读",
            "邮件奖励完成"
        ]
    },
    "报告邮件奖励一键领取": {
        "action": "Click",
        "target": [
            443,
            1221,
            26,
            32
        ],
        "next": [
            "报告邮件奖励一键领取1"
        ]
    },
    "报告邮件奖励一键领取1": {
        "action": "Click",
        "target": [
            443,
            1221,
            26,
            32
        ],
        "next": [
            "报告邮件奖励一键领取2"
        ]
    },
    "报告邮件奖励一键领取2": {
        "action": "Click",
        "target": [
            443,
            1221,
            26,
            32
        ],
        "next": [
            "报告邮件奖励一键领取3"
        ]
    },
    "报告邮件奖励一键领取3": {
        "action": "Click",
        "target": [
            443,
            1221,
            26,
            32
        ],
        "next": [
            "报告邮件奖励一键领取4"
        ]
    },
    "报告邮件奖励一键领取4": {
        "action": "Click",
        "target": [
            443,
            1221,
            26,
            32
        ],
        "next": [
            "报告邮件奖励一键领取5"
        ]
    },
    "报告邮件奖励一键领取5": {
        "action": "Click",
        "target": [
            443,
            1221,
            26,
            32
        ],
        "next": [
            "报告邮件删除已读",
            "邮件奖励完成"
        ]
    },
    "报告邮件删除已读": {
        "recognition": "TemplateMatch",
        "template": "邮件/删除已读__91_1218_37_40__41_1168_137_112.png",
        "action": "Click",
        "roi": [
            5,
            1184,
            686,
            102
        ],
        "next": [
            "报告邮件删除确认",
            "邮件奖励完成"
        ]
    },
    "报告邮件删除确认": {
        "recognition": "OCR",
        "expected": "确定",
        "roi": [
            61,
            712,
            604,
            139
        ],
        "action": "Click",
        "next": [
            "邮件奖励完成"
        ]
    },
    "邮件奖励完成": {}
}