{
    "不断训练并加速": {
        "recognition": "OCR",
        "expected": "训练",
        "roi": [
            378,
            1153,
            301,
            99
        ],
        "action": "Click",
        "next": [
            "加速造兵"
        ]
    },
    "加速造兵": {
        "recognition": "OCR",
        "expected": "加速",
        "roi": [
            378,
            1153,
            301,
            99
        ],
        "action": "Click",
        "next": [
            "一键使用加速"
        ]
    },
    "一键使用加速": {
        "recognition": "OCR",
        "expected": "一键使用",
        "roi": [
            169,
            852,
            363,
            95
        ],
        "action": "Click",
        "next": [
            "不断训练并加速"
        ]
    }
}