{
    "撤回所有队列入口": {
        "next": [
            "返回野外或者城镇页面13",
            "进入野外界面13",
            "撤回所有队列"
        ]
    },
    "返回野外或者城镇页面13": {
        "recognition": "OCR",
        "expected": "探险",
        "roi": [
            5,
            1176,
            124,
            105
        ],
        "inverse": true,
        "next": [
            "点击返回并查看是不是在野外或者城镇页面13"
        ]
    },
    "点击返回并查看是不是在野外或者城镇页面13": {
        "action": "Click",
        "target": [
            6,
            6,
            5,
            4
        ],
        "next": [
            "撤回所有队列入口"
        ]
    },
    "如果不是野外就进入野外13": {
        "recognition": "OCR",
        "expected": "野外",
        "roi": [
            514,
            1170,
            205,
            111
        ],
        "next": [
            "进入野外界面13"
        ]
    },
    "进入野外界面13": {
        "recognition": "OCR",
        "expected": "野外",
        "roi": [
            514,
            1170,
            205,
            111
        ],
        "action": "Click",
        "next": [
            "撤回所有队列入口"
        ]
    },
    "撤回所有队列": {
        "next": [
            "展开行军",
            "撤回一个队列",
            "撤回所有队列完成"
        ]
    },
    "展开行军": {
        "recognition": "TemplateMatch",
        "template": "野外/行军关闭状态__15_192_97_36__0_142_162_136.png",
        "threshold": 0.95,
        "action": "Click",
        "roi": [
            7,
            168,
            130,
            75
        ],
        "next": [
            "撤回所有队列"
        ]
    },
    "撤回一个队列": {
        "recognition": "TemplateMatch",
        "template": "野外/采集或者驻守撤回按钮__204_246_35_44__154_196_135_144.png",
        "threshold": 0.9,
        "action": "Click",
        "roi": [
            148,
            189,
            106,
            469
        ],
        "next": [
            "确定撤回"
        ]
    },
    "确定撤回": {
        "recognition": "OCR",
        "expected": "确定",
        "action": "Click",
        "roi": [
            351,
            693,
            318,
            166
        ],
        "next": [
            "撤回所有队列"
        ]
    },
    "撤回所有队列完成": {}
}