{
    "集结巨兽入口": {
        "next": [
            "巨兽如果没有领主档案10",
            "开始集结巨兽"
        ]
    },
    "巨兽如果没有领主档案10": {
        "recognition": "OCR",
        "expected": "领主档案",
        "roi": [
            84,
            14,
            164,
            58
        ],
        "inverse": true,
        "next": [
            "巨兽点击领主或者返回10"
        ]
    },
    "巨兽点击领主或者返回10": {
        "action": "Click",
        "target": [
            55,
            57,
            2,
            4
        ],
        "next": [
            "集结巨兽入口"
        ]
    },
    "开始集结巨兽": {
        "action": "Click",
        "target": [
            55,
            57,
            2,
            4
        ],
        "next": [
            "巨兽进入野外界面",
            "巨兽点击搜索按钮"
        ]
    },
    "巨兽进入野外界面": {
        "recognition": "OCR",
        "expected": "野外",
        "roi": [
            514,
            1170,
            205,
            111
        ],
        "action": "Click",
        "next": [
            "开始集结巨兽"
        ]
    },
    "巨兽点击搜索按钮": {
        "recognition": "TemplateMatch",
        "green_mask": true,
        "template": "searchButton__5_835_81_78__0_785_136_178.png",
        "roi": [
            2,
            825,
            108,
            98
        ],
        "action": "Click",
        "next": [
            "看到巨兽按钮"
        ]
    },
    "看到巨兽按钮": {
        "recognition": "TemplateMatch",
        "template": "集结/冰原巨兽按钮__186_866_119_90__136_816_219_190.png",
        "action": "Click",
        "roi": [
            42,
            849,
            673,
            138
        ],
        "next": [
            "点击搜索巨兽"
        ]
    },
    "点击搜索巨兽": {
        "recognition": "OCR",
        "expected": "搜索",
        "roi": [
            135,
            1139,
            434,
            119
        ],
        "action": "Click",
        "next": [
            "巨兽点击集结按钮"
        ]
    },
    "巨兽点击集结按钮": {
        "recognition": "TemplateMatch",
        "template": "集结/橘色集结按钮__258_465_187_53__208_415_287_153.png",
        "action": "Click",
        "next": [
            "点击发起集结按钮",
            "巨兽行军队列已满"
        ]
    },
    "巨兽行军队列已满": {
        "recognition": "TemplateMatch",
        "template": "猎熊/行军队列__153_330_470_385__103_280_570_485.png",
        "next": [
            "巨兽集结完成"
        ]
    },
    "点击发起集结按钮": {
        "recognition": "TemplateMatch",
        "template": "集结/发起集结按钮__238_805_243_61__188_755_343_161.png",
        "action": "Click",
        "next": [
            "巨兽选择队列页面"
        ]
    },
    "巨兽选择队列页面": {
        "recognition": "TemplateMatch",
        "template": "集结/进入队列选择页面__12_11_174_64__0_0_236_125.png",
        "roi": [
            0,
            1,
            402,
            181
        ],
        "next": [
            "巨兽选择队列三"
        ]
    },
    "巨兽选择队列三": {
        "action": "Click",
        "target": [
            205,
            108,
            26,
            39
        ],
        "next": [
            "巨兽点击出征"
        ]
    },
    "巨兽点击出征": {
        "recognition": "OCR",
        "expected": "出征",
        "action": "Click",
        "roi": [
            402,
            1162,
            303,
            94
        ],
        "next": [
            "巨兽集结完成"
        ]
    },
    "巨兽集结完成": {
        "next": []
    }
}