{
    "冰封宝藏入口": {
        "next": [
            "如果没有领主档案14冰封宝藏",
            "点击返回14冰封宝藏"
        ]
    },
    "如果没有领主档案14冰封宝藏": {
        "recognition": "OCR",
        "expected": "领主档案",
        "roi": [
            84,
            14,
            164,
            58
        ],
        "inverse": true,
        "next": [
            "点击领主或者返回14冰封宝藏"
        ]
    },
    "点击领主或者返回14冰封宝藏": {
        "action": "Click",
        "target": [
            10,
            9,
            3,
            3
        ],
        "next": [
            "冰封宝藏入口"
        ]
    },
    "点击返回14冰封宝藏": {
        "action": "Click",
        "target": [
            10,
            9,
            3,
            3
        ],
        "next": [
            "点击冰封宝藏图标"
        ]
    },
    "点击冰封宝藏图标": {
        "recognition": "TemplateMatch",
        "template": "冰封的宝藏/冰封宝藏图标__633_415_74_65__583_365_137_165.png",
        "action": "Click",
        "roi": [
            484,
            102,
            231,
            562
        ],
        "next": [
            "看到雪原冰封宝藏"
        ]
    },
    "看到雪原冰封宝藏": {
        "recognition": "OCR",
        "expected": "冰封的宝藏",
        "roi": [
            64,
            10,
            285,
            67
        ],
        "next": [
            "点击冰封每日任务"
        ]
    },
    "点击冰封每日任务": {
        "action": "Click",
        "target": [
            108,
            112,
            63,
            60
        ],
        "next": [
            "冰封每日任务"
        ]
    },
    "冰封每日任务": {
        "recognition": "OCR",
        "expected": "每日任务",
        "roi": [
            56,
            480,
            613,
            110
        ],
        "action": "Click",
        "next": [
            "领取冰封每日任务",
            "寻宝特训"
        ]
    },
    "领取冰封每日任务": {
        "recognition": "TemplateMatch",
        "template": "addonevents/铁匠商铺领取图标__512_760_106_45__462_710_206_145.png",
        "threshold": 0.95,
        "roi": [
            49,
            589,
            625,
            669
        ],
        "action": "Click",
        "next": [
            "冰封每日任务"
        ]
    },
    "寻宝特训": {
        "recognition": "OCR",
        "expected": "寻宝特训",
        "roi": [
            56,
            480,
            613,
            110
        ],
        "action": "Click",
        "next": [
            "寻宝特训领取",
            "冰封宝藏完成"
        ]
    },
    "寻宝特训领取": {
        "recognition": "TemplateMatch",
        "template": "addonevents/铁匠商铺领取图标__512_760_106_45__462_710_206_145.png",
        "roi": [
            49,
            589,
            625,
            669
        ],
        "threshold": 0.95,
        "action": "Click",
        "next": [
            "寻宝特训"
        ]
    },
    "冰封宝藏完成": {}
}