{
    "免费护盾入口": {
        "next": [
            "护盾如果没有探险功能7",
            "点击城镇功能箭头"
        ]
    },
    "护盾如果没有探险功能7": {
        "recognition": "OCR",
        "expected": "探险",
        "roi": [
            5,
            1176,
            124,
            105
        ],
        "inverse": true,
        "next": [
            "护盾点击返回7"
        ]
    },
    "护盾点击返回7": {
        "action": "Click",
        "target": [
            6,
            6,
            5,
            4
        ],
        "next": [
            "免费护盾入口"
        ]
    },
    "点击城镇功能箭头": {
        "roi": [
            0,
            72,
            115,
            93
        ],
        "action": "Click",
        "recognition": "TemplateMatch",
        "template": "护盾/城镇功能箭头__9_101_48_35__0_51_107_135.png",
        "next": [
            "点击防护罩条幅"
        ]
    },
    "点击防护罩条幅": {
        "recognition": "TemplateMatch",
        "template": "护盾/防护罩条幅__33_183_612_117__0_133_695_217.png",
        "action": "Click",
        "next": [
            "看到免费防护罩"
        ]
    },
    "看到免费防护罩": {
        "recognition": "TemplateMatch",
        "template": "护罩/免费护罩__50_340_446_129__0_290_546_229.png",
        "next": [
            "点击使用免费护罩"
        ]
    },
    "点击使用免费护罩": {
        "pre_delay": 500,
        "action": "Click",
        "target": [
            551,
            390,
            74,
            45
        ],
        "next": [
            "使用免费护盾成功"
        ]
    },
    "使用免费护盾成功": {
        "recognition": "TemplateMatch",
        "template": "护盾/免费护盾已开启__34_180_284_130__0_130_368_230.png",
        "next": [
            "免费护盾完成"
        ]
    },
    "免费护盾完成": {}
}