{
    "幸存者入口": {
        "next": [
            "如果没有领主档案14幸存者",
            "点击返回14幸存者"
        ]
    },
    "如果没有领主档案14幸存者": {
        "recognition": "OCR",
        "expected": "领主档案",
        "roi": [
            84,
            14,
            164,
            58
        ],
        "inverse": true,
        "next": [
            "点击领主或者返回14幸存者"
        ]
    },
    "点击领主或者返回14幸存者": {
        "action": "Click",
        "target": [
            10,
            9,
            3,
            3
        ],
        "next": [
            "幸存者入口"
        ]
    },
    "点击返回14幸存者": {
        "action": "Click",
        "target": [
            10,
            9,
            3,
            3
        ],
        "next": [
            "点击幸存者图标"
        ]
    },
    "点击新幸存者图标": {
        "recognition": "TemplateMatch",
        "template": "幸存者/新幸存者图标__4_235_139_93__0_185_193_193.png",
        "action": "Click",
        "roi": [
            3,
            153,
            287,
            342
        ],
        "next": [
            "欢迎新成员"
        ]
    },
    "欢迎新成员": {
        "recognition": "TemplateMatch",
        "template": "幸存者/新幸存者图标__4_235_139_93__0_185_193_193.png",
        "action": "Click",
        "roi": [
            3,
            153,
            287,
            342
        ],
        "next": [
            "点击幸存者图标"
        ]
    },
    "点击幸存者图标": {
        "recognition": "TemplateMatch",
        "template": "工厂/幸存者图标__239_5_38_35__189_0_138_90.png",
        "action": "Click",
        "roi": [
            208,
            4,
            182,
            46
        ],
        "next": [
            "点击煤矿厂"
        ]
    },
    "点击煤矿厂": {
        "recognition": "TemplateMatch",
        "template": "幸存者/煤矿厂按钮__43_595_91_98__0_545_184_198.png",
        "action": "Click",
        "threshold": 0.9,
        "roi": [
            27,
            411,
            672,
            726
        ],
        "next": [
            "点击前往按钮"
        ]
    },
    "点击伐木场": {
        "action": "Swipe",
        "end": [
            335,
            1034,
            18,
            11
        ],
        "begin": [
            351,
            661,
            11,
            11
        ],
        "pre_delay": 600,
        "next": [
            "点击伐木场2"
        ]
    },
    "点击伐木场2": {
        "recognition": "TemplateMatch",
        "template": "幸存者/伐木场按钮__39_722_92_91__0_672_181_191.png",
        "action": "Click",
        "threshold": 0.9,
        "roi": [
            27,
            411,
            672,
            726
        ],
        "next": [
            "点击前往按钮"
        ]
    },
    "点击医务室": {
        "recognition": "TemplateMatch",
        "template": "幸存者/医务室按钮__42_848_91_91__0_798_183_191.png",
        "action": "Click",
        "threshold": 0.9,
        "roi": [
            27,
            411,
            672,
            726
        ],
        "next": [
            "点击前往按钮"
        ]
    },
    "点击厨房": {
        "recognition": "TemplateMatch",
        "template": "幸存者/厨房按钮__40_972_93_90__0_922_183_190.png",
        "action": "Click",
        "threshold": 0.9,
        "roi": [
            27,
            411,
            672,
            726
        ],
        "next": [
            "点击前往按钮"
        ]
    },
    "点击猎人之家": {
        "action": "Swipe",
        "begin": [
            335,
            1034,
            18,
            11
        ],
        "end": [
            351,
            661,
            11,
            11
        ],
        "pre_delay": 600,
        "next": [
            "点击猎人之家2"
        ]
    },
    "点击猎人之家2": {
        "recognition": "TemplateMatch",
        "template": "幸存者/猎人之家按钮__41_909_92_92__0_859_183_192.png",
        "action": "Click",
        "threshold": 0.9,
        "roi": [
            27,
            411,
            672,
            726
        ],
        "next": [
            "点击前往按钮"
        ]
    },
    "点击铁矿厂": {
        "action": "Swipe",
        "begin": [
            335,
            1034,
            18,
            11
        ],
        "end": [
            351,
            661,
            11,
            11
        ],
        "pre_delay": 600,
        "next": [
            "点击铁矿厂2"
        ]
    },
    "点击铁矿厂2": {
        "recognition": "TemplateMatch",
        "template": "幸存者/铁矿厂按钮__41_1033_89_91__0_983_180_191.png",
        "action": "Click",
        "threshold": 0.9,
        "roi": [
            27,
            411,
            672,
            726
        ],
        "next": [
            "点击前往按钮"
        ]
    },
    "点击前往按钮": {
        "recognition": "TemplateMatch",
        "template": "幸存者/前往按钮__166_497_159_60__116_447_259_160.png",
        "action": "Click",
        "roi": [
            27,
            411,
            672,
            726
        ],
        "next": [
            "升级循环"
        ]
    },
    "升级循环": {
        "next": [
            "按升级按钮",
            "按建造按钮",
            "按下一个按钮",
            "按升级建筑",
            "建筑Max",
            "建筑建造中"
        ]
    },
    "按升级按钮": {
        "recognition": "TemplateMatch",
        "template": "幸存者/升级按钮__570_622_86_43__520_572_186_143.png",
        "action": "Click",
        "next": [
            "升级循环"
        ],
        "threshold": 0.9,
        "roi": [
            493,
            600,
            207,
            119
        ]
    },
    "按建造按钮": {
        "recognition": "TemplateMatch",
        "template": "幸存者/建造按钮__570_622_86_43__520_572_186_143.png",
        "action": "Click",
        "next": [
            "升级循环"
        ],
        "threshold": 0.9,
        "roi": [
            493,
            600,
            207,
            119
        ]
    },
    "按下一个按钮": {
        "recognition": "TemplateMatch",
        "template": "幸存者/下一个按钮__562_641_95_39__512_591_195_139.png",
        "action": "Click",
        "next": [
            "升级循环"
        ],
        "threshold": 0.9,
        "roi": [
            493,
            600,
            207,
            119
        ]
    },
    "按升级建筑": {
        "recognition": "TemplateMatch",
        "template": "幸存者/升级建筑按钮__535_511_149_40__485_461_235_140.png",
        "action": "Click",
        "next": [
            "右下角升级建筑"
        ],
        "threshold": 0.9,
        "roi": [
            491,
            489,
            221,
            95
        ]
    },
    "建筑Max": {
        "recognition": "TemplateMatch",
        "template": "幸存者/max__531_511_154_45__481_461_239_145.png",
        "action": "Click",
        "next": [],
        "threshold": 0.9,
        "roi": [
            491,
            489,
            221,
            95
        ]
    },
    "建筑建造中": {
        "recognition": "TemplateMatch",
        "template": "幸存者/建造中建造加速按钮__383_1171_288_76__333_1121_387_159.png",
        "next": [],
        "threshold": 0.9
    },
    "右下角升级建筑": {
        "recognition": "TemplateMatch",
        "template": "幸存者/右下角升级__469_1168_106_41__419_1118_206_141.png",
        "action": "Click",
        "threshold": 0.9,
        "roi": [
            367,
            1142,
            336,
            115
        ],
        "next": [
            "建筑寻求帮助",
            "两个队列",
            "两个队列都满了"
        ]
    },
    "建筑寻求帮助": {
        "recognition": "TemplateMatch",
        "template": "幸存者/寻求帮助按钮__328_323_57_50__278_273_157_150.png",
        "action": "Click",
        "threshold": 0.6,
        "next": []
    },
    "两个队列": {
        "recognition": "TemplateMatch",
        "template": "幸存者/雇佣两天__63_987_261_72__13_937_361_172.png",
        "action": "Click",
        "next": [
            "使用1000钻石"
        ]
    },
    "使用1000钻石": {
        "recognition": "TemplateMatch",
        "template": "幸存者/使用1000钻石__271_763_192_50__221_713_292_150.png",
        "action": "Click",
        "next": [
            "右下角升级建筑"
        ]
    },
    "两个队列都满了": {
        "recognition": "TemplateMatch",
        "template": "幸存者/两个队列都满了__101_391_503_161__51_341_603_261.png",
        "next": []
    }
}