{
    "切换角色入口": {
        "next": [
            "角色关闭金色礼包",
            "如果没有领主档案",
            "进入领主设置"
        ]
    },
    "角色关闭金色礼包": {
        "recognition": "TemplateMatch",
        "template": "登录/金色关闭按钮__586_102_54_52__536_52_154_152.png",
        "roi": [
            522,
            25,
            161,
            184
        ],
        "action": "Click",
        "next": [
            "每日两次收集"
        ]
    },
    "如果没有领主档案": {
        "recognition": "OCR",
        "expected": "领主档案",
        "roi": [
            84,
            14,
            164,
            58
        ],
        "inverse": true,
        "next": [
            "点击领主或者返回"
        ]
    },
    "点击领主或者返回": {
        "action": "Click",
        "target": [
            10,
            9,
            3,
            3
        ],
        "next": [
            "切换角色入口"
        ]
    },
    "进入领主设置": {
        "recognition": "OCR",
        "expected": "设置",
        "roi": [
            538,
            1159,
            158,
            107
        ],
        "action": "Click",
        "next": [
            "进入角色管理"
        ]
    },
    "进入角色管理": {
        "recognition": "OCR",
        "expected": "角色管理",
        "roi": [
            36,
            281,
            326,
            107
        ],
        "action": "Click",
        "next": [
            "切换角色"
        ]
    },
    "切换角色": {
        "recognition": "OCR",
        "expected": "懒惰的兔子",
        "roi": [
            59,
            385,
            597,
            684
        ],
        "action": "Click",
        "next": [
            "已登陆该角色",
            "确定登陆"
        ]
    },
    "已登陆该角色": {
        "recognition": "OCR",
        "expected": "已登陆该角色",
        "roi": [
            59,
            385,
            597,
            684
        ],
        "next": []
    },
    "确定登陆": {
        "recognition": "OCR",
        "expected": "确定",
        "roi": [
            353,
            746,
            313,
            99
        ],
        "action": "Click",
        "next": []
    },
    "切换gmail账号入口": {
        "next": [
            "如果没有领主档案1",
            "进入领主设置1"
        ]
    },
    "如果没有领主档案1": {
        "recognition": "OCR",
        "expected": "领主档案",
        "roi": [
            84,
            14,
            164,
            58
        ],
        "inverse": true,
        "next": [
            "点击领主或者返回1"
        ]
    },
    "点击领主或者返回1": {
        "action": "Click",
        "target": [
            55,
            57,
            2,
            4
        ],
        "next": [
            "切换gmail账号入口"
        ]
    },
    "进入领主设置1": {
        "recognition": "OCR",
        "expected": "设置",
        "roi": [
            538,
            1159,
            158,
            107
        ],
        "action": "Click",
        "next": [
            "进入账号管理"
        ]
    },
    "进入账号管理": {
        "recognition": "OCR",
        "expected": "账号",
        "roi": [
            471,
            166,
            173,
            86
        ],
        "action": "Click",
        "post_delay": 800,
        "next": [
            "进入账号页面"
        ]
    },
    "进入账号页面": {
        "recognition": "OCR",
        "expected": "切换账号",
        "roi": [
            265,
            1172,
            183,
            68
        ],
        "action": "Click",
        "next": [
            "切换google"
        ]
    },
    "切换google": {
        "recognition": "OCR",
        "expected": "Sign in with Google",
        "roi": [
            91,
            589,
            515,
            84
        ],
        "action": "Click",
        "next": [
            "从游客profile登录",
            "点击googleProfile",
            "看到googleChooseAccount"
        ],
        "post_delay": 5000
    },
    "看到googleChooseAccount": {
        "recognition": "OCR",
        "expected": "Choose an account",
        "next": [
            "google往上移动"
        ]
    },
    "google往上移动": {
        "action": "Swipe",
        "begin": [
            317,
            815,
            0,
            0
        ],
        "end": [
            317,
            205,
            0,
            0
        ],
        "post_wait_freezes": 100,
        "next": [
            "点击googleProfile",
            "看到googleChooseAccount"
        ]
    },
    "切换facebook": {
        "recognition": "OCR",
        "expected": "Facebook",
        "roi": [
            89,
            399,
            557,
            380
        ],
        "action": "Click",
        "next": [
            "点击facebook确认按钮"
        ],
        "post_delay": 1000
    },
    "点击facebook确认按钮": {
        "recognition": "TemplateMatch",
        "template": "facebook登陆页面按钮__367_853_181_73__317_803_281_173.png",
        "action": "Click"
    },
    "从游客profile登录": {
        "recognition": "TemplateMatch",
        "template": "登录/游客账号未绑定__80_525_564_189__30_475_664_289.png",
        "next": [
            "确认从游客切换登录"
        ]
    },
    "确认从游客切换登录": {
        "recognition": "TemplateMatch",
        "template": "登录/登录确认按钮__393_747_227_78__343_697_327_178.png",
        "action": "Click",
        "next": [
            "ContinueToLogin",
            "等待继续登录界面"
        ]
    },
    "点击googleProfile": {
        "pre_wait_freezes": 1,
        "recognition": "OCR",
        "expected": "jinni54670@gmail.com",
        "roi": [
            145,
            428,
            449,
            779
        ],
        "action": "Click",
        "next": [
            "ContinueToLogin",
            "等待继续登录界面"
        ]
    },
    "ContinueToLogin": {
        "recognition": "OCR",
        "expected": "Continue",
        "roi": [
            76,
            930,
            581,
            266
        ],
        "action": "Click",
        "next": [
            "切换gmail账号完成"
        ]
    },
    "等待继续登录界面": {
        "recognition": "OCR",
        "expected": "账号登录",
        "roi": [
            40,
            243,
            602,
            234
        ],
        "next": [
            "继续登录"
        ]
    },
    "继续登录": {
        "recognition": "OCR",
        "expected": "继续",
        "roi": [
            63,
            773,
            566,
            163
        ],
        "action": "Click",
        "next": [
            "切换gmail账号完成"
        ]
    },
    "切换gmail账号完成": {
        "post_delay": 10000
    }
}