{
    "参加太阳城集结": {
        "next": [
            "太阳城识别是否有集结"
        ]
    },
    "太阳城识别是否有集结": {
        "recognition": "TemplateMatch",
        "template": "猎熊/集结列表按钮__634_521_62_45__584_471_136_145.png",
        "action": "Click",
        "roi": [
            478,
            395,
            241,
            406
        ],
        "next": [
            "加入太阳城集结循环"
        ]
    },
    "加入太阳城集结循环": {
        "template": "猎熊/参加集结按钮__612_363_59_51__562_313_158_151.png",
        "threshold": 0.95,
        "recognition": "TemplateMatch",
        "action": "Click",
        "next": [
            "太阳城使用队列1参加集结"
        ]
    },
    "太阳城使用队列1参加集结": {
        "action": "Click",
        "post_delay": 400,
        "target": [
            47,
            105,
            40,
            35
        ],
        "next": [
            "参加太阳城集结出征"
        ]
    },
    "参加太阳城集结出征": {
        "recognition": "OCR",
        "expected": "出征",
        "action": "Click",
        "roi": [
            425,
            1179,
            242,
            78
        ],
        "next": [
            "参加太阳城集结完成"
        ]
    },
    "太阳城识别是否有治疗按钮1": {
        "recognition": "TemplateMatch",
        "template": "治疗/野外治疗按钮1__535_1023_46_50__485_973_146_150.png",
        "action": "Click",
        "roi": [
            448,
            865,
            180,
            235
        ]
    },
    "太阳城识别是否有治疗按钮2": {
        "recognition": "TemplateMatch",
        "template": "治疗/野外治疗图标2__535_1023_46_50__485_973_146_150.png",
        "action": "Click",
        "roi": [
            448,
            865,
            180,
            235
        ]
    },
    "参加太阳城集结完成": {}
}