{
    "一次攻击东炮台": {
        "next": [
            "如果没有领主档案14",
            "点击返回14"
        ]
    },
    "如果没有领主档案14": {
        "recognition": "OCR",
        "expected": "领主档案",
        "roi": [
            84,
            14,
            164,
            58
        ],
        "inverse": true,
        "next": [
            "点击领主或者返回14"
        ]
    },
    "点击领主或者返回14": {
        "action": "Click",
        "target": [
            10,
            9,
            3,
            3
        ],
        "next": [
            "一次攻击东炮台"
        ]
    },
    "点击返回14": {
        "action": "Click",
        "target": [
            10,
            9,
            3,
            3
        ],
        "next": [
            "点击东炮台"
        ]
    },
    "已经有行军1": {
        "recognition": "OCR",
        "expected": "1/6",
        "roi": [
            169,
            178,
            91,
            55
        ]
    },
    "点击东炮台": {
        "recognition": "TemplateMatch",
        "template": "太阳城/东城炮台__120_507_162_98__70_457_262_198.png",
        "threshold": 0.5,
        "action": "Click",
        "next": [
            "集结炮台",
            "单独攻击炮台"
        ]
    },
    "集结炮台": {
        "recognition": "OCR",
        "roi": [
            84,
            583,
            556,
            451
        ],
        "expected": "集结",
        "enabled": true,
        "action": "Click",
        "next": [
            "炮台选择集结时间",
            "无法集结攻击炮台"
        ]
    },
    "炮台选择集结时间": {
        "recognition": "OCR",
        "expected": "发起集结",
        "action": "Click",
        "roi": [
            203,
            757,
            331,
            101
        ],
        "next": [
            "单独攻击炮台出征页面"
        ]
    },
    "单独攻击炮台": {
        "recognition": "OCR",
        "expected": "攻击",
        "action": "Click",
        "roi": [
            135,
            938,
            190,
            79
        ],
        "next": [
            "单独攻击炮台出征页面"
        ]
    },
    "单独攻击炮台出征页面": {
        "recognition": "OCR",
        "expected": "出征",
        "action": "Click",
        "roi": [
            399,
            1162,
            307,
            99
        ],
        "next": []
    },
    "无法集结攻击炮台": {
        "recognition": "TemplateMatch",
        "template": "太阳城/东城炮台集结页面__230_604_395_370__180_554_495_470.png",
        "next": []
    }
}