    {
        "探险奖励": {
            "next": [
                "如果没有探险功能3",
                "进入探险"
            ]
        },
        "如果没有探险功能3": {
            "recognition": "OCR",
            "expected": "探险",
            "roi": [
                5,
                1176,
                124,
                105
            ],
            "inverse": true,
            "next": [
                "点击返回3"
            ]
        },
        "点击返回3": {
            "action": "Click",
            "target": [
                6,
                6,
                5,
                4
            ],
            "next": [
                "探险奖励"
            ]
        },
        "进入探险": {
            "recognition": "OCR",
            "expected": "探险",
            "roi": [
                5,
                1176,
                124,
                105
            ],
            "action": "Click",
            "next": [
                "领取探险奖励",
                "无探险奖励"
            ]
        },
        "领取探险奖励": {
            "recognition": "TemplateMatch",
            "template": "探险绿色领取按钮__545_890_144_61__495_840_225_161.png",
            "roi": [
                489,
                752,
                210,
                233
            ],
            "action": "Click",
            "next": [
                "领取挂机收益"
            ]
        },
        "领取挂机收益": {
            "recognition": "OCR",
            "expected": "领取",
            "action": "Click",
            "roi": [
                164,
                847,
                398,
                132
            ],
            "next": [
                "探险收益完成"
            ]
        },
        "无探险奖励": {
            "recognition": "TemplateMatch",
            "template": "探险灰色领取按钮__551_894_133_51__501_844_219_151.png",
            "roi": [
                489,
                752,
                210,
                233
            ],
            "next": [
                "探险收益完成"
            ]
        },
        "探险收益完成": {}
    }