{
    "allianceTask0": {
        "action": "Click",
        "target": [
            527,
            1236,
            0,
            0
        ],
        "pre_delay": 2184,
        "next": [
            "allianceTask1"
        ]
    },
    "allianceTask1": {
        "action": "Click",
        "target": [
            545,
            1069,
            0,
            0
        ],
        "pre_delay": 2333,
        "next": [
            "allianceTask2"
        ]
    },
    "allianceTask2": {
        "action": "Click",
        "target": [
            379,
            1209,
            0,
            0
        ],
        "pre_delay": 1399,
        "next": [
            "allianceTask3"
        ]
    },
    "allianceTask3": {
        "action": "Click",
        "target": [
            55,
            42,
            0,
            0
        ],
        "pre_delay": 3335,
        "next": [
            "allianceTask4"
        ]
    },
    "allianceTask4": {
        "action": "Click",
        "target": [
            55,
            43,
            0,
            0
        ],
        "pre_delay": 4266,
        "next": [
            "allianceTask5"
        ]
    },
    "allianceTask5": {
        "action": "Click",
        "target": [
            59,
            1058,
            0,
            0
        ],
        "pre_delay": 2899,
        "next": [
            "allianceTask6"
        ]
    },
    "allianceTask6": {
        "action": "Click",
        "target": [
            583,
            1137,
            0,
            0
        ],
        "pre_delay": 3869,
        "next": [
            "allianceTask7"
        ]
    },
    "allianceTask7": {
        "action": "Click",
        "target": [
            459,
            1055,
            0,
            0
        ],
        "pre_delay": 1066,
        "next": [
            "allianceTask8"
        ]
    },
    "allianceTask8": {
        "action": "Click",
        "target": [
            455,
            1062,
            0,
            0
        ],
        "pre_delay": 1901,
        "next": [
            "allianceTask9"
        ]
    },
    "allianceTask9": {
        "action": "Click",
        "target": [
            445,
            1063,
            0,
            0
        ],
        "pre_delay": 1302,
        "next": [
            "allianceTask10"
        ]
    },
    "allianceTask10": {
        "action": "Click",
        "target": [
            414,
            1063,
            0,
            0
        ],
        "pre_delay": 866,
        "next": [
            "allianceTask11"
        ]
    },
    "allianceTask11": {
        "action": "Click",
        "target": [
            414,
            1063,
            0,
            0
        ],
        "pre_delay": 997,
        "next": [
            "allianceTask12"
        ]
    },
    "allianceTask12": {
        "action": "Click",
        "target": [
            393,
            1126,
            0,
            0
        ],
        "pre_delay": 934,
        "next": [
            "allianceTask13"
        ]
    },
    "allianceTask13": {
        "action": "Click",
        "target": [
            39,
            1245,
            0,
            0
        ],
        "pre_delay": 7934,
        "next": [
            "allianceTask14"
        ]
    },
    "allianceTask14": {
        "action": "Click",
        "target": [
            33,
            1249,
            0,
            0
        ],
        "pre_delay": 631,
        "next": [
            "allianceTask15"
        ]
    },
    "allianceTask15": {
        "action": "Click",
        "target": [
            33,
            1249,
            0,
            0
        ],
        "pre_delay": 1137,
        "next": [
            "allianceTask16"
        ]
    },
    "allianceTask16": {
        "action": "Click",
        "target": [
            33,
            1249,
            0,
            0
        ],
        "pre_delay": 530,
        "next": [
            "allianceTask17"
        ]
    },
    "allianceTask17": {
        "action": "Click",
        "target": [
            46,
            57,
            0,
            0
        ],
        "pre_delay": 2074,
        "next": [
            "allianceTask19"
        ]
    },
    "allianceTask18": {
        "action": "Click",
        "target": [
            46,
            55,
            0,
            0
        ],
        "pre_delay": 0,
        "next": [
            "allianceTask19"
        ]
    },
    "allianceTask19": {
        "action": "Click",
        "target": [
            670,
            1047,
            0,
            0
        ],
        "pre_delay": 4261,
        "next": [
            "allianceTask20"
        ]
    },
    "allianceTask20": {
        "action": "Click",
        "target": [
            495,
            127,
            0,
            0
        ],
        "pre_delay": 3501,
        "next": [
            "allianceTask21"
        ]
    },
    "allianceTask21": {
        "action": "Click",
        "target": [
            592,
            1256,
            0,
            0
        ],
        "pre_delay": 1434,
        "next": [
            "allianceTask22"
        ]
    },
    "allianceTask22": {
        "action": "Click",
        "target": [
            591,
            1242,
            0,
            0
        ],
        "pre_delay": 2800,
        "next": [
            "allianceTask23"
        ]
    },
    "allianceTask23": {
        "action": "Click",
        "target": [
            238,
            1238,
            0,
            0
        ],
        "pre_delay": 3000,
        "next": [
            "allianceTask24"
        ]
    },
    "allianceTask24": {
        "action": "Click",
        "target": [
            575,
            802,
            0,
            0
        ],
        "pre_delay": 1832,
        "next": [
            "allianceTask25"
        ]
    },
    "allianceTask25": {
        "action": "Click",
        "target": [
            592,
            1241,
            0,
            0
        ],
        "pre_delay": 2066,
        "next": [
            "allianceTask26"
        ]
    },
    "allianceTask26": {
        "action": "Click",
        "target": [
            399,
            129,
            0,
            0
        ],
        "pre_delay": 2301,
        "next": [
            "allianceTask27"
        ]
    },
    "allianceTask27": {
        "action": "Click",
        "target": [
            595,
            1242,
            0,
            0
        ],
        "pre_delay": 1870,
        "next": [
            "allianceTask28"
        ]
    },
    "allianceTask28": {
        "action": "Click",
        "target": [
            555,
            1241,
            0,
            0
        ],
        "pre_delay": 1264,
        "next": [
            "allianceTask29"
        ]
    },
    "allianceTask29": {
        "action": "Click",
        "target": [
            257,
            131,
            0,
            0
        ],
        "pre_delay": 1999,
        "next": [
            "allianceTask30"
        ]
    },
    "allianceTask30": {
        "action": "Click",
        "target": [
            539,
            1240,
            0,
            0
        ],
        "pre_delay": 2235,
        "next": [
            "allianceTask31"
        ]
    },
    "allianceTask31": {
        "action": "Click",
        "target": [
            539,
            1240,
            0,
            0
        ],
        "pre_delay": 1033,
        "next": [
            "allianceTask32"
        ]
    },
    "allianceTask32": {
        "action": "Click",
        "target": [
            539,
            1240,
            0,
            0
        ],
        "pre_delay": 1468,
        "next": [
            "allianceTask33"
        ]
    },
    "allianceTask33": {
        "action": "Click",
        "target": [
            59,
            49,
            0,
            0
        ],
        "pre_delay": 3565,
        "post_delay": 2403
    }
}