{
    "获取体力": {
        "recognition": "OCR",
        "expected": "",
        "roi": [
            167,
            239,
            459,
            56
        ],
        "only_rec": true
    },
    "竞技场找绿色": {
        "recognition": "ColorMatch",
        "lower": [
            35,
            171,
            39
        ],
        "upper": [
            41,
            208,
            73
        ],
        "roi": [
            149,
            301,
            147,
            615
        ],
        "action": "Click"
    }
}