{
    "Top100Scroes": {
        "action": "Custom",
        "custom_action": "测试action"
    },
    "获取id_custom": {
        "recognition": "OCR",
        "roi": [
            305,
            936,
            348,
            39
        ],
        "expected": "\\d+"
    },
    "获取name_custom": {
        "recognition": "OCR",
        "expected": "",
        "only_rec": true
    },
    "点击返回排名列表": {
        "action": "Click",
        "target": [
            8,
            8,
            0,
            0
        ]
    },
    "往上移动一格": {
        "action": "Swipe",
        "begin": [
            317,
            815,
            0,
            0
        ],
        "end": [
            317,
            762,
            0,
            0
        ],
        "post_wait_freezes": 100
    },
    "往上移动三格": {
        "action": "Swipe",
        "begin": [
            317,
            815,
            0,
            0
        ],
        "end": [
            317,
            705,
            0,
            0
        ],
        "post_wait_freezes": 100
    },
    "等待领主档案加载": {
        "recognition": "OCR",
        "expected": "领主档案",
        "roi": [
            51,
            4,
            207,
            62
        ]
    },
    "点击领主名称展开按钮": {
        "recognition": "TemplateMatch",
        "template": "领主档案/名称展开按钮__621_893_40_32__571_843_140_132.png",
        "action": "Click",
        "roi": [
            567,
            823,
            135,
            155
        ],
        "next": [
            "点击复制昵称"
        ]
    },
    "点击复制昵称": {
        "recognition": "OCR",
        "expected": "复制昵称",
        "roi": [
            263,
            674,
            217,
            96
        ],
        "action": "Click"
    },
    "点击复制id": {
        "recognition": "TemplateMatch",
        "template": "领主档案/复制id按钮__448_944_22_22__398_894_122_122.png",
        "roi": [
            433,
            938,
            126,
            34
        ],
        "action": "Click"
    }
}