    {
        "每日vip奖励": {
            "next": [
                "如果没有探险功能4",
                "点击vip"
            ]
        },
        "如果没有探险功能4": {
            "recognition": "OCR",
            "expected": "探险",
            "roi": [
                5,
                1176,
                124,
                105
            ],
            "inverse": true,
            "next": [
                "点击返回4"
            ]
        },
        "点击返回4": {
            "action": "Click",
            "target": [
                6,
                6,
                5,
                4
            ],
            "next": [
                "每日vip奖励"
            ]
        },
        "点击vip": {
            "target": [
                475,
                67,
                23,
                5
            ],
            "action": "Click",
            "next": [
                "领取VIP奖励"
            ]
        },
        "领取VIP奖励": {
            "target": [
                558,
                816,
                67,
                17
            ],
            "action": "Click",
            "next": [
                "领取VIP奖励2"
            ]
        },
        "领取VIP奖励2": {
            "target": [
                558,
                816,
                67,
                17
            ],
            "action": "Click",
            "next": [
                "领取VIP宝箱"
            ]
        },
        "领取VIP宝箱": {
            "target": [
                619,
                267,
                11,
                17
            ],
            "action": "Click",
            "roi": [
                164,
                847,
                398,
                132
            ],
            "next": [
                "完成VIP奖励"
            ]
        },
        "完成VIP奖励": {
            "target": [
                558,
                816,
                67,
                17
            ],
            "action": "Click",
            "next": [
                "每日vip奖励完成"
            ]
        },
        "每日vip奖励完成": {}
    }