{
    "海岛投票入口": {
        "next": [
            "如果没有领主档案14海岛投票",
            "点击排行榜"
        ]
    },
    "如果没有领主档案14海岛投票": {
        "recognition": "OCR",
        "expected": "领主档案",
        "roi": [
            84,
            14,
            164,
            58
        ],
        "inverse": true,
        "next": [
            "点击领主或者返回14海岛投票"
        ]
    },
    "点击领主或者返回14海岛投票": {
        "action": "Click",
        "target": [
            10,
            9,
            3,
            3
        ],
        "next": [
            "海岛投票入口"
        ]
    },
    "点击排行榜": {
        "action": "Click",
        "recognition": "OCR",
        "expected": "排行榜",
        "roi": [
            75,
            1146,
            633,
            125
        ],
        "next": [
            "点击个人击杀"
        ]
    },
    "点击个人击杀": {
        "recognition": "OCR",
        "expected": "个人击杀",
        "action": "Click",
        "next": [
            "看到个人击杀排行"
        ]
    },
    "看到个人击杀排行": {
        "recognition": "OCR",
        "expected": "个人击杀",
        "roi": [
            64,
            10,
            285,
            67
        ],
        "next": [
            "找到被投票"
        ]
    },
    "找到被投票": {
        "next": [
            "点击投票档案",
            "投票往上移动三格"
        ]
    },
    "点击投票档案": {
        "recognition": "OCR",
        "expected": "退格键",
        "action": "Click",
        "next": [
            "拜访海岛"
        ]
    },
    "投票往上移动三格": {
        "action": "Swipe",
        "begin": [
            317,
            815,
            0,
            0
        ],
        "end": [
            317,
            705,
            0,
            0
        ],
        "post_wait_freezes": 100,
        "next": [
            "找到被投票"
        ]
    },
    "拜访海岛": {
        "recognition": "OCR",
        "expected": "拜访海岛",
        "action": "Click",
        "next": [
            "确定拜访海岛",
            "海岛点击爱心",
            "海岛已经点过爱心"
        ]
    },
    "确定拜访海岛": {
        "recognition": "TemplateMatch",
        "template": "海岛/确定拜访按钮__410_753_204_74__360_703_304_174.png",
        "action": "Click",
        "next": [
            "海岛点击爱心",
            "海岛已经点过爱心"
        ]
    },
    "海岛点击爱心": {
        "recognition": "TemplateMatch",
        "template": "海岛/白色爱心__644_726_48_38__594_676_126_138.png",
        "roi": [
            622,
            701,
            86,
            99
        ],
        "action": "Click",
        "next": [
            "海岛投票完成"
        ]
    },
    "海岛已经点过爱心": {
        "recognition": "TemplateMatch",
        "template": "海岛/红色爱心__644_726_48_38__594_676_126_138.png",
        "roi": [
            622,
            701,
            86,
            99
        ],
        "next": [
            "海岛投票完成"
        ]
    },
    "海岛投票完成": {}
}