{
    "收集仓库体力宝箱": {
        "next": [
            "其他设备登陆",
            "关闭金色礼包",
            "如果没有领主档案0",
            "如果没有探险功能",
            "关闭行军按钮",
            "ClickExpandIcon"
        ]
    },
    "每日两次收集": {
        "next": [
            "其他设备登陆",
            "关闭金色礼包",
            "如果没有领主档案0",
            "如果没有探险功能",
            "关闭行军按钮",
            "ClickExpandIcon"
        ]
    },
    "关闭金色礼包": {
        "recognition": "TemplateMatch",
        "template": "登录/金色关闭按钮__586_102_54_52__536_52_154_152.png",
        "roi": [
            522,
            25,
            161,
            184
        ],
        "action": "Click",
        "next": [
            "每日两次收集"
        ]
    },
    "如果没有领主档案0": {
        "recognition": "OCR",
        "expected": "领主档案",
        "roi": [
            84,
            14,
            164,
            58
        ],
        "inverse": true,
        "next": [
            "点击领主或者返回0"
        ]
    },
    "点击领主或者返回0": {
        "action": "Click",
        "target": [
            10,
            9,
            3,
            3
        ],
        "next": [
            "每日两次收集"
        ]
    },
    "如果没有探险功能": {
        "recognition": "OCR",
        "expected": "探险",
        "roi": [
            5,
            1176,
            124,
            105
        ],
        "inverse": true,
        "next": [
            "点击最左下角"
        ]
    },
    "点击最左下角": {
        "action": "Click",
        "target": [
            3,
            1098,
            6,
            10
        ],
        "next": [
            "点击返回"
        ]
    },
    "点击返回": {
        "action": "Click",
        "target": [
            6,
            6,
            5,
            4
        ],
        "next": [
            "关闭行军按钮",
            "ClickExpandIcon"
        ]
    },
    "ClickExpandIcon": {
        "action": "Click",
        "target": [
            7,
            585,
            7,
            6
        ],
        "next": [
            "ClickResearch"
        ]
    },
    "关闭行军按钮": {
        "recognition": "TemplateMatch",
        "template": "行军已展开__11_193_86_37__0_143_147_137.png",
        "action": "Click",
        "roi": [
            5,
            177,
            257,
            63
        ],
        "threshold": 0.95,
        "next": [
            "ClickExpandIcon"
        ]
    },
    "ClickResearch": {
        "recognition": "TemplateMatch",
        "template": "collection/research.png",
        "roi": [
            11,
            748,
            172,
            103
        ],
        "action": "Click",
        "next": [
            "ClickStorageHouse"
        ],
        "post_delay": 1000
    },
    "ClickStorageHouse": {
        "action": "Click",
        "pre_delay": 3000,
        "target": [
            70,
            515,
            27,
            30
        ],
        "next": [
            "ClickStorageHouse1"
        ]
    },
    "ClickStorageHouse1": {
        "action": "Click",
        "target": [
            344,
            556,
            26,
            23
        ],
        "next": [
            "ClickStorageHouse2"
        ]
    },
    "ClickStorageHouse2": {
        "action": "Click",
        "target": [
            472,
            943,
            14,
            15
        ],
        "next": [
            "ClickStorageHouse3"
        ]
    },
    "ClickStorageHouse3": {
        "action": "Click",
        "target": [
            472,
            943,
            14,
            15
        ],
        "next": [
            "ClickStorageHouse4"
        ]
    },
    "ClickStorageHouse4": {
        "action": "Click",
        "target": [
            344,
            556,
            26,
            23
        ],
        "next": [
            "ClickStorageHouse5"
        ]
    },
    "ClickStorageHouse5": {
        "action": "Click",
        "target": [
            472,
            943,
            14,
            15
        ],
        "next": [
            "仓库收集完成"
        ]
    },
    "仓库收集完成": {
        "action": "Click",
        "target": [
            472,
            943,
            14,
            15
        ],
        "next": []
    },
    "全自动收集小号": {
        "action": "Custom",
        "custom_action": "切换收集全部小号"
    }
}