{
    "收集民意信箱": {
        "next": [
            "信箱点击问号",
            "信箱点击四叶草"
        ]
    },
    "信箱点击问号": {
        "recognition": "TemplateMatch",
        "threshold": 0.9,
        "template": "信箱/问号__93_629_61_64__43_579_161_164.png",
        "action": "Click",
        "roi": [
            43,
            598,
            284,
            666
        ],
        "next": [
            "我会",
            "要严惩",
            "该改善伙食了",
            "我派人",
            "寻找",
            "建议你准备",
            "包在我"
        ]
    },
    "信箱点击四叶草": {
        "recognition": "TemplateMatch",
        "threshold": 0.9,
        "template": "信箱/领取图标__83_624_78_71__33_574_178_171.png",
        "action": "Click",
        "roi": [
            43,
            598,
            284,
            666
        ],
        "next": [
            "信箱点击确定"
        ]
    },
    "我会": {
        "recognition": "OCR",
        "expected": "我会",
        "action": "Click",
        "roi": [
            75,
            701,
            578,
            482
        ],
        "next": [
            "信箱点击确定"
        ]
    },
    "包在我": {
        "recognition": "OCR",
        "expected": "包在我",
        "action": "Click",
        "roi": [
            75,
            701,
            578,
            482
        ],
        "next": [
            "信箱点击确定"
        ]
    },
    "建议你准备": {
        "recognition": "OCR",
        "expected": "建议你准备",
        "action": "Click",
        "roi": [
            75,
            701,
            578,
            482
        ],
        "next": [
            "信箱点击确定"
        ]
    },
    "寻找": {
        "recognition": "OCR",
        "expected": "寻找",
        "action": "Click",
        "roi": [
            75,
            701,
            578,
            482
        ],
        "next": [
            "信箱点击确定"
        ]
    },
    "我会整顿食堂的": {
        "recognition": "OCR",
        "expected": "我会整顿食堂的",
        "action": "Click",
        "roi": [
            75,
            701,
            578,
            482
        ],
        "next": [
            "信箱点击确定"
        ]
    },
    "要严惩": {
        "recognition": "OCR",
        "expected": "要严惩",
        "action": "Click",
        "roi": [
            75,
            701,
            578,
            482
        ],
        "next": [
            "信箱点击确定"
        ]
    },
    "我派人": {
        "recognition": "OCR",
        "expected": "我派人",
        "action": "Click",
        "roi": [
            75,
            701,
            578,
            482
        ],
        "next": [
            "信箱点击确定"
        ]
    },
    "该改善伙食了": {
        "recognition": "OCR",
        "expected": "该改善伙食了",
        "action": "Click",
        "roi": [
            75,
            701,
            578,
            482
        ],
        "next": [
            "信箱点击确定"
        ]
    },
    "信箱点击确定": {
        "recognition": "OCR",
        "expected": "确定",
        "action": "Click",
        "roi": [
            246,
            1098,
            250,
            78
        ],
        "next": [
            "收集民意信箱"
        ]
    }
}