{
    "佣兵入口": {
        "next": [
            "如果没有领主档案佣兵",
            "点击返回佣兵"
        ]
    },
    "如果没有领主档案佣兵": {
        "recognition": "OCR",
        "expected": "领主档案",
        "roi": [
            84,
            14,
            164,
            58
        ],
        "inverse": true,
        "next": [
            "点击领主或者返回佣兵"
        ]
    },
    "点击领主或者返回佣兵": {
        "action": "Click",
        "target": [
            10,
            9,
            3,
            3
        ],
        "next": [
            "佣兵入口"
        ]
    },
    "点击返回佣兵": {
        "action": "Click",
        "target": [
            10,
            9,
            3,
            3
        ],
        "next": [
            "点击佣兵活动图标"
        ]
    },
    "点击佣兵活动图标": {
        "recognition": "TemplateMatch",
        "template": "佣兵/佣兵图标__520_1015_74_67__470_965_174_167.png",
        "green_mask": true,
        "action": "Click",
        "roi": [
            417,
            833,
            239,
            264
        ],
        "next": [
            "进入佣兵页面",
            "佣兵点击攻击"
        ]
    },
    "进入佣兵页面": {
        "recognition": "OCR",
        "expected": "常规活动",
        "roi": [
            64,
            10,
            285,
            67
        ],
        "next": [
            "侦查佣兵"
        ]
    },
    "侦查佣兵": {
        "template": "佣兵/侦查按钮__392_1061_210_68__342_1011_310_168.png",
        "recognition": "TemplateMatch",
        "roi": [
            324,
            1006,
            352,
            170
        ],
        "green_mask": true,
        "action": "Click",
        "next": [
            "佣兵点击攻击"
        ]
    },
    "佣兵点击攻击": {
        "recognition": "TemplateMatch",
        "template": "佣兵/攻击佣兵按钮__396_1044_135_37__346_994_235_137.png",
        "roi": [
            362,
            1015,
            196,
            82
        ],
        "action": "Click",
        "next": [
            "佣兵出征页面"
        ]
    },
    "佣兵出征页面": {
        "roi": [
            206,
            580,
            354,
            58
        ],
        "threshold": 0.95,
        "recognition": "TemplateMatch",
        "template": "佣兵/出征胜券在握__242_587_242_43__192_537_342_143.png",
        "next": [
            "佣兵点击第7队"
        ]
    },
    "佣兵点击第7队": {
        "target": [
            490,
            104,
            34,
            36
        ],
        "action": "Click",
        "next": [
            "佣兵等待吉娜",
            "佣兵出征页面点击出征"
        ]
    },
    "佣兵等待吉娜": {
        "recognition": "TemplateMatch",
        "template": "佣兵/吉娜图像__96_342_148_168__46_292_248_268.png",
        "inverse": true,
        "roi": [
            56,
            287,
            213,
            296
        ],
        "next": [
            "佣兵点击第7队"
        ]
    },
    "佣兵出征页面点击出征": {
        "recognition": "TemplateMatch",
        "template": "佣兵/出征页面出征按钮__461_1174_179_75__411_1124_279_156.png",
        "roi": [
            391,
            1146,
            318,
            115
        ],
        "action": "Click",
        "next": [
            "佣兵完成"
        ]
    },
    "佣兵完成": {}
}