{
    "逐光之旅": {
        "next": [
            "如果没有超值活动",
            "进入超值活动"
        ]
    },
    "如果没有超值活动": {
        "recognition": "TemplateMatch",
        "template": "城镇/超值活动按钮__648_224_37_47__598_174_122_147.png",
        "roi": [
            523,
            92,
            186,
            453
        ],
        "inverse": true,
        "next": [
            "点击返回10"
        ]
    },
    "点击返回10": {
        "action": "Click",
        "target": [
            6,
            6,
            5,
            4
        ],
        "next": [
            "逐光之旅"
        ]
    },
    "进入超值活动": {
        "recognition": "TemplateMatch",
        "template": "城镇/超值活动按钮__648_224_37_47__598_174_122_147.png",
        "roi": [
            523,
            92,
            186,
            453
        ],
        "next": [
            "停留超值活动页面"
        ],
        "action": "Click"
    },
    "停留超值活动页面": {
        "recognition": "OCR",
        "expected": "超值活动",
        "roi": [
            83,
            8,
            192,
            62
        ],
        "next": [
            "swapToBeginning"
        ]
    },
    "swapToBeginning": {
        "action": "Swipe",
        "begin": [
            75,
            133,
            13,
            13
        ],
        "end": [
            586,
            135,
            10,
            9
        ],
        "next": [
            "点击第一个tab"
        ]
    },
    "点击第一个tab": {
        "action": "Click",
        "target": [
            121,
            129,
            42,
            19
        ],
        "pre_delay": 800,
        "next": [
            "逐光之旅tab"
        ]
    },
    "逐光之旅tab": {
        "recognition": "OCR",
        "expected": "逐光之旅",
        "action": "Click",
        "roi": [
            22,
            199,
            666,
            75
        ],
        "next": [
            "一键领取",
            "一键派遣"
        ]
    },
    "一键领取": {
        "recognition": "OCR",
        "expected": "一键领取",
        "action": "Click",
        "roi": [
            40,
            1129,
            280,
            122
        ],
        "next": [
            "一键派遣"
        ]
    },
    "一键派遣": {
        "recognition": "OCR",
        "expected": "一键派遣",
        "action": "Click",
        "roi": [
            40,
            1129,
            280,
            122
        ],
        "next": [
            "逐光之旅完成"
        ]
    },
    "逐光之旅完成": {}
}