{
    "联盟总动员刷金拳头入口": {
        "next": [
            "如果没有领主档案14总动员",
            "点击返回14总动员"
        ]
    },
    "如果没有领主档案14总动员": {
        "recognition": "OCR",
        "expected": "领主档案",
        "roi": [
            84,
            14,
            164,
            58
        ],
        "inverse": true,
        "next": [
            "点击领主或者返回14总动员"
        ]
    },
    "点击领主或者返回14总动员": {
        "action": "Click",
        "target": [
            10,
            9,
            3,
            3
        ],
        "next": [
            "联盟总动员刷金拳头入口"
        ]
    },
    "点击返回14总动员": {
        "action": "Click",
        "target": [
            10,
            9,
            3,
            3
        ],
        "next": [
            "点击常规活动图标"
        ]
    },
    "点击常规活动图标": {
        "recognition": "TemplateMatch",
        "template": "常规活动/常规活动图标__632_117_73_64__582_67_138_164.png",
        "green_mask": true,
        "action": "Click",
        "roi": [
            484,
            102,
            231,
            562
        ],
        "next": [
            "进入常规活动页面"
        ]
    },
    "进入常规活动页面": {
        "recognition": "OCR",
        "expected": "常规活动",
        "roi": [
            64,
            10,
            285,
            67
        ],
        "next": [
            "常规活动移动到最前tab"
        ]
    },
    "常规活动移动到最前tab": {
        "action": "Swipe",
        "begin": [
            54,
            134,
            10,
            16
        ],
        "end": [
            342,
            139,
            8,
            11
        ],
        "next": [
            "常规活动移动到最前tab2"
        ]
    },
    "常规活动移动到最前tab2": {
        "action": "Swipe",
        "begin": [
            54,
            134,
            10,
            16
        ],
        "end": [
            342,
            139,
            8,
            11
        ],
        "next": [
            "常规活动移动到最前tab3"
        ]
    },
    "常规活动移动到最前tab3": {
        "action": "Swipe",
        "begin": [
            54,
            134,
            10,
            16
        ],
        "end": [
            342,
            139,
            8,
            11
        ],
        "next": [
            "找到总动员图标循环"
        ]
    },
    "找到总动员图标循环": {
        "next": [
            "点击总动员tab",
            "已经到了最后一个tab",
            "常规活动向右移动一格"
        ]
    },
    "点击总动员tab": {
        "template": "常规活动/总动员图标__498_104_74_51__448_54_174_151.png",
        "recognition": "TemplateMatch",
        "green_mask": true,
        "action": "Click",
        "next": [
            "刷左边奖励",
            "刷右边奖励"
        ]
    },
    "已经到了最后一个tab": {
        "template": "常规活动/已经到了最后社区tab__535_119_104_57__485_69_204_157.png",
        "recognition": "TemplateMatch",
        "next": [
            "联盟总动员刷金拳头完成"
        ]
    },
    "常规活动向右移动一格": {
        "action": "Swipe",
        "begin": [
            395,
            143,
            8,
            13
        ],
        "end": [
            292,
            139,
            6,
            13
        ],
        "next": [
            "找到总动员图标循环"
        ]
    },
    "刷左边奖励": {
        "recognition": "TemplateMatch",
        "template": "常规活动/总动员可刷新硬币图标__136_784_54_41__86_734_154_141.png",
        "roi": [
            65,
            781,
            271,
            56
        ],
        "action": "Click",
        "next": [
            "看到左边刷新按钮"
        ]
    },
    "看到左边刷新按钮": {
        "recognition": "TemplateMatch",
        "template": "常规任务/总动员刷新按钮__75_793_263_62__25_743_363_162.png",
        "next": [
            "如果不是金拳头就刷新左边",
            "继续刷右边"
        ]
    },
    "如果不是金拳头就刷新左边": {
        "roi": [
            27,
            411,
            668,
            415
        ],
        "threshold": 0.95,
        "recognition": "TemplateMatch",
        "template": "常规任务/金拳头提升120000实力__45_539_633_94__0_489_720_194.png",
        "inverse": true,
        "next": [
            "总动员点击刷新左边"
        ]
    },
    "继续刷右边": {
        "recognition": "TemplateMatch",
        "template": "常规任务/总动员关闭按钮__636_401_54_54__586_351_134_154.png",
        "action": "Click",
        "next": [
            "刷右边奖励"
        ]
    },
    "总动员点击刷新左边": {
        "recognition": "OCR",
        "expected": "刷新任务",
        "roi": [
            41,
            769,
            645,
            114
        ],
        "action": "Click",
        "next": [
            "总动员确认左边刷新"
        ]
    },
    "总动员确认左边刷新": {
        "recognition": "OCR",
        "expected": "刷新",
        "roi": [
            67,
            719,
            587,
            116
        ],
        "action": "Click",
        "next": [
            "刷右边奖励"
        ]
    },
    "刷右边奖励": {
        "next": [
            "刷右边奖励1",
            "右边还未到刷新时间",
            "右边任务已经刷完"
        ]
    },
    "刷右边奖励1": {
        "recognition": "TemplateMatch",
        "template": "常规活动/总动员可刷新硬币图标__136_784_54_41__86_734_154_141.png",
        "roi": [
            389,
            773,
            270,
            58
        ],
        "action": "Click",
        "next": [
            "看到右边刷新按钮"
        ]
    },
    "右边还未到刷新时间": {
        "recognition": "TemplateMatch",
        "template": "常规任务/总动员立即刷新按钮__148_766_110_49__98_716_210_149.png",
        "roi": [
            366,
            723,
            313,
            117
        ],
        "next": [
            "联盟总动员刷金拳头完成"
        ]
    },
    "右边任务已经刷完": {
        "recognition": "TemplateMatch",
        "template": "常规任务/当日任务已完成__88_760_224_58__38_710_324_158.png",
        "roi": [
            366,
            723,
            313,
            117
        ],
        "next": [
            "联盟总动员刷金拳头完成"
        ]
    },
    "看到右边刷新按钮": {
        "recognition": "TemplateMatch",
        "template": "常规任务/总动员刷新按钮__75_793_263_62__25_743_363_162.png",
        "next": [
            "如果不是金拳头就刷新右边",
            "关闭右边"
        ]
    },
    "如果不是金拳头就刷新右边": {
        "roi": [
            27,
            411,
            668,
            415
        ],
        "threshold": 0.95,
        "recognition": "TemplateMatch",
        "template": "常规任务/金拳头提升120000实力__45_539_633_94__0_489_720_194.png",
        "inverse": true,
        "next": [
            "总动员点击刷新右边"
        ]
    },
    "关闭右边": {
        "recognition": "TemplateMatch",
        "template": "常规任务/总动员关闭按钮__636_401_54_54__586_351_134_154.png",
        "action": "Click",
        "next": [
            "联盟总动员刷金拳头完成"
        ]
    },
    "总动员点击刷新右边": {
        "recognition": "OCR",
        "expected": "刷新任务",
        "roi": [
            41,
            769,
            645,
            114
        ],
        "action": "Click",
        "next": [
            "总动员确认右边刷新"
        ]
    },
    "总动员确认右边刷新": {
        "recognition": "OCR",
        "expected": "刷新",
        "roi": [
            67,
            719,
            587,
            116
        ],
        "action": "Click",
        "next": [
            "联盟总动员刷金拳头完成"
        ]
    },
    "联盟总动员刷金拳头完成": {}
}