{
    "找到争霸赛图标循环": {
        "next": [
            "点击争霸赛tab",
            "点击争霸赛tab2",
            "争霸赛已经到了最后一个tab",
            "争霸赛常规活动向右移动一格"
        ]
    },
    "争霸赛常规活动向右移动一格": {
        "action": "Swipe",
        "begin": [
            395,
            143,
            8,
            13
        ],
        "end": [
            292,
            139,
            6,
            13
        ],
        "next": [
            "找到争霸赛图标循环"
        ]
    },
    "点击争霸赛tab": {
        "template": "常规任务/争霸赛图标已选择__424_104_128_75__374_54_228_175.png",
        "recognition": "TemplateMatch",
        "green_mask": true,
        "action": "Click",
        "next": [
            "争霸赛已经报名",
            "争霸赛点击任意退出",
            "争霸赛报名"
        ]
    },
    "点击争霸赛tab2": {
        "template": "常规任务/争霸赛未选择图标__424_104_128_75__374_54_228_175.png",
        "recognition": "TemplateMatch",
        "action": "Click",
        "next": [
            "争霸赛已经报名",
            "争霸赛点击任意退出",
            "争霸赛报名"
        ]
    },
    "争霸赛已经报名": {
        "recognition": "TemplateMatch",
        "template": "常规任务/争霸赛已经报名__200_904_329_55__150_854_429_155.png",
        "threshold": 0.95,
        "next": [
            "争霸赛报名完成"
        ]
    },
    "争霸赛点击任意退出": {
        "action": "Click",
        "recognition": "OCR",
        "expected": "点击任意位置退出",
        "next": [
            "点击争霸赛tab"
        ]
    },
    "争霸赛报名": {
        "recognition": "TemplateMatch",
        "template": "常规任务/争霸赛报名按钮__232_1162_222_73__182_1112_322_168.png",
        "action": "Click",
        "next": [
            "争霸赛点击中路",
            "争霸赛报名"
        ]
    },
    "争霸赛点击中路": {
        "recognition": "TemplateMatch",
        "template": "常规任务/争霸赛中路图标__398_871_73_58__348_821_173_158.png",
        "action": "Click",
        "next": [
            "争霸赛点击派遣",
            "争霸赛点击中路"
        ]
    },
    "争霸赛点击派遣": {
        "recognition": "TemplateMatch",
        "template": "常规任务/争霸赛派遣按钮__378_698_62_86__328_648_162_186.png",
        "action": "Click",
        "next": [
            "争霸赛点击出战"
        ]
    },
    "争霸赛点击出战": {
        "recognition": "TemplateMatch",
        "template": "常规任务/争霸赛出战按钮__415_1176_258_79__365_1126_355_154.png",
        "action": "Click",
        "next": [
            "争霸赛报名完成"
        ]
    },
    "争霸赛已经到了最后一个tab": {
        "template": "常规活动/已经到了最后社区tab__535_119_104_57__485_69_204_157.png",
        "recognition": "TemplateMatch",
        "next": [
            "争霸赛报名完成"
        ]
    },
    "争霸赛报名完成": {}
}