{
    "宠物寻宝": {
        "next": [
            "如果没有探险功能7",
            "关闭行军按钮7",
            "ClickExpandIcon7"
        ]
    },
    "如果没有探险功能7": {
        "recognition": "OCR",
        "expected": "探险",
        "roi": [
            5,
            1176,
            124,
            105
        ],
        "inverse": true,
        "next": [
            "点击返回7"
        ]
    },
    "点击返回7": {
        "action": "Click",
        "target": [
            6,
            6,
            5,
            4
        ],
        "next": [
            "宠物寻宝"
        ]
    },
    "关闭行军按钮7": {
        "recognition": "TemplateMatch",
        "template": "行军已展开__11_193_86_37__0_143_147_137.png",
        "action": "Click",
        "roi": [
            5,
            177,
            257,
            63
        ],
        "threshold": 0.95,
        "next": [
            "ClickExpandIcon7"
        ]
    },
    "ClickExpandIcon7": {
        "action": "Click",
        "target": [
            7,
            585,
            7,
            6
        ],
        "next": [
            "ClickResearch7"
        ]
    },
    "ClickResearch7": {
        "recognition": "TemplateMatch",
        "template": "collection/research.png",
        "roi": [
            11,
            748,
            172,
            103
        ],
        "action": "Click",
        "next": [
            "看到科研所"
        ],
        "post_delay": 1000
    },
    "看到科研所": {
        "recognition": "OCR",
        "expected": "科研所",
        "roi": [
            165,
            449,
            415,
            260
        ],
        "next": [
            "点击宠物圈"
        ]
    },
    "点击宠物圈": {
        "action": "Click",
        "target": [
            65,
            912,
            5,
            18
        ],
        "next": [
            "进入宠物技能页面"
        ]
    },
    "进入宠物技能页面": {
        "recognition": "TemplateMatch",
        "template": "宠物/技能按钮__55_1169_54_56__5_1119_154_156.png",
        "roi": [
            18,
            1124,
            123,
            143
        ],
        "action": "Click",
        "next": [
            "宠物技能循环"
        ]
    },
    "宠物技能循环": {
        "next": [
            "北极狼体力技能",
            "牛采集技能",
            "象宠物食物技能",
            "大角鹿宝石食物技能",
            "技能结束"
        ]
    },
    "北极狼体力技能": {
        "roi": [
            41,
            216,
            630,
            461
        ],
        "threshold": 0.89,
        "green_mask": true,
        "recognition": "TemplateMatch",
        "template": "宠物/北极狼技能__218_237_123_118__168_187_223_218.png",
        "action": "Click",
        "next": [
            "使用宠物技能"
        ]
    },
    "牛采集技能": {
        "roi": [
            41,
            216,
            630,
            461
        ],
        "threshold": 0.89,
        "green_mask": true,
        "recognition": "TemplateMatch",
        "template": "宠物/牛采集技能__374_244_109_105__324_194_209_205.png",
        "action": "Click",
        "next": [
            "使用宠物技能"
        ]
    },
    "象宠物食物技能": {
        "roi": [
            41,
            216,
            630,
            461
        ],
        "recognition": "TemplateMatch",
        "green_mask": true,
        "threshold": 0.89,
        "template": "宠物/大象食物技能__516_244_109_107__466_194_209_207.png",
        "action": "Click",
        "next": [
            "使用宠物技能"
        ]
    },
    "大角鹿宝石食物技能": {
        "roi": [
            41,
            216,
            630,
            461
        ],
        "recognition": "TemplateMatch",
        "green_mask": true,
        "threshold": 0.89,
        "template": "宠物/大角鹿宝石技能__223_389_115_113__173_339_215_213.png",
        "action": "Click",
        "next": [
            "使用宠物技能"
        ]
    },
    "技能结束": {
        "action": "Click",
        "target": [
            326,
            1199,
            81,
            52
        ],
        "next": [
            "点击寻宝地图"
        ]
    },
    "使用宠物技能": {
        "recognition": "OCR",
        "expected": "使用",
        "roi": [
            193,
            1032,
            336,
            102
        ],
        "action": "Click",
        "next": [
            "宠物技能任意位置退出",
            "宠物技能生效中"
        ]
    },
    "宠物技能任意位置退出": {
        "recognition": "OCR",
        "expected": "点击任意位置退出",
        "roi": [
            156,
            1085,
            412,
            159
        ],
        "action": "Click",
        "post_delay": 500,
        "next": [
            "宠物技能循环"
        ]
    },
    "宠物技能生效中": {
        "recognition": "OCR",
        "expected": "生效中",
        "roi": [
            246,
            1050,
            218,
            173
        ],
        "post_delay": 500,
        "next": [
            "宠物技能循环"
        ]
    },
    "点击寻宝地图": {
        "recognition": "TemplateMatch",
        "template": "寻宝地图按钮__499_1105_189_138__449_1055_271_225.png",
        "action": "Click",
        "post_delay": 800,
        "next": [
            "寻宝循环"
        ]
    },
    "寻宝循环": {
        "next": [
            "完成寻宝",
            "无寻宝次数",
            "金色宠物宝箱",
            "紫色宠物宝箱",
            "蓝色宠物宝箱",
            "联盟宝藏"
        ]
    },
    "完成寻宝": {
        "recognition": "TemplateMatch",
        "template": "寻宝完成标记__660_763_47_47__610_713_110_147.png",
        "action": "Click",
        "next": [
            "领取宠物寻宝"
        ]
    },
    "领取宠物寻宝": {
        "recognition": "OCR",
        "expected": "寻宝完成",
        "next": [
            "点击宝箱"
        ]
    },
    "点击宝箱": {
        "action": "Click",
        "target": [
            346,
            780,
            31,
            27
        ],
        "next": [
            "寻宝点击任意位置退出"
        ]
    },
    "寻宝点击任意位置退出": {
        "recognition": "OCR",
        "expected": "点击任意位置退出",
        "roi": [
            162,
            1124,
            379,
            116
        ],
        "action": "Click",
        "next": [
            "寻宝联盟宝藏页面"
        ]
    },
    "寻宝联盟宝藏页面": {
        "recognition": "OCR",
        "expected": "联盟宝藏",
        "roi": [
            244,
            867,
            212,
            63
        ],
        "next": [
            "宠物点击空白处"
        ]
    },
    "宠物点击空白处": {
        "action": "Click",
        "target": [
            251,
            1115,
            124,
            109
        ],
        "post_delay": 800,
        "next": [
            "寻宝循环"
        ]
    },
    "金色宠物宝箱": {
        "recognition": "TemplateMatch",
        "template": "宠物/金色宝箱__64_728_132_142__14_678_232_242.png",
        "action": "Click",
        "threshold": 0.94,
        "green_mask": true,
        "next": [
            "宝箱寻宝",
            "处理寻宝中页面"
        ]
    },
    "紫色宠物宝箱": {
        "recognition": "TemplateMatch",
        "template": "宠物/紫色新宝箱__209_966_157_172__159_916_257_272.png",
        "action": "Click",
        "green_mask": true,
        "threshold": 0.94,
        "next": [
            "宝箱寻宝",
            "处理寻宝中页面"
        ]
    },
    "蓝色宠物宝箱": {
        "recognition": "TemplateMatch",
        "template": "蓝色新宝箱__101_894_149_158__51_844_249_258.png",
        "action": "Click",
        "threshold": 0.94,
        "green_mask": true,
        "next": [
            "宝箱寻宝",
            "处理寻宝中页面"
        ]
    },
    "宝箱寻宝": {
        "roi": [
            45,
            921,
            630,
            207
        ],
        "recognition": "TemplateMatch",
        "template": "寻宝派遣__237_1009_242_76__187_959_342_176.png",
        "action": "Click",
        "next": [
            "开始寻宝按钮",
            "寻宝次数不足",
            "寻宝次数不足2"
        ]
    },
    "开始寻宝按钮": {
        "roi": [
            45,
            921,
            630,
            207
        ],
        "recognition": "OCR",
        "expected": "开始寻宝",
        "action": "Click",
        "next": [
            "处理寻宝中页面"
        ]
    },
    "处理寻宝中页面": {
        "roi": [
            238,
            237,
            288,
            116
        ],
        "recognition": "OCR",
        "expected": "寻宝中",
        "next": [
            "宠物点击空白处"
        ]
    },
    "无寻宝次数": {
        "roi": [
            181,
            104,
            376,
            61
        ],
        "expected": "今日剩余寻宝次数：0",
        "recognition": "OCR",
        "next": [
            "联盟宝藏"
        ]
    },
    "寻宝次数不足": {
        "roi": [
            181,
            104,
            376,
            61
        ],
        "expected": "今日剩余寻宝次数不足，无法派遣",
        "recognition": "OCR",
        "next": [
            "联盟宝藏"
        ]
    },
    "寻宝次数不足2": {
        "roi": [
            124,
            953,
            485,
            114
        ],
        "expected": "今日剩余寻宝次数不足，无法派遣",
        "recognition": "OCR",
        "next": [
            "宠物点击空白处2"
        ]
    },
    "宠物点击空白处2": {
        "action": "Click",
        "target": [
            251,
            1115,
            124,
            109
        ],
        "post_delay": 800,
        "next": [
            "宠物点击空白处3"
        ]
    },
    "宠物点击空白处3": {
        "action": "Click",
        "target": [
            251,
            1115,
            124,
            109
        ],
        "post_delay": 800,
        "next": [
            "联盟宝藏"
        ]
    },
    "联盟宝藏": {
        "recognition": "TemplateMatch",
        "template": "宠物寻宝联盟宝藏宝箱__589_1150_93_101__539_1100_181_180.png",
        "roi": [
            502,
            1065,
            198,
            191
        ],
        "action": "Click",
        "next": [
            "宠物盟友分享"
        ]
    },
    "宠物盟友分享": {
        "recognition": "OCR",
        "expected": "盟友分享",
        "roi": [
            366,
            181,
            302,
            115
        ],
        "action": "Click",
        "next": [
            "一键领取联盟宝藏",
            "无剩余领取次数",
            "宠物寻宝完成"
        ],
        "post_delay": 800
    },
    "一键领取联盟宝藏": {
        "recognition": "OCR",
        "expected": "一键领取",
        "action": "Click",
        "roi": [
            194,
            1026,
            379,
            111
        ],
        "next": [
            "宠物点击任意位置退出"
        ]
    },
    "宠物点击任意位置退出": {
        "recognition": "OCR",
        "expected": "点击任意位置退出",
        "action": "Click",
        "roi": [
            145,
            1072,
            429,
            148
        ],
        "next": [
            "宠物寻宝完成"
        ]
    },
    "无剩余领取次数": {
        "recognition": "OCR",
        "expected": "今日剩余领取次数：0",
        "roi": [
            203,
            273,
            332,
            58
        ],
        "next": [
            "宠物寻宝完成"
        ]
    },
    "宠物寻宝完成": {}
}