{
    "小号大作战刷火晶车入口": {
        "next": [
            "小号点位置1"
        ]
    },
    "小号点位置1": {
        "action": "Click",
        "target": [
            166,
            568,
            9,
            20
        ],
        "post_delay": 1000,
        "next": [
            "小号检查金色低战力",
            "小号检查紫色低战力",
            "小号检查三钻石车",
            "小号检查二火晶车",
            "小号点位置2"
        ]
    },
    "小号检查火晶位置1": {
        "recognition": "TemplateMatch",
        "template": "大作战/两个火晶车__218_932_150_76__168_882_250_176.png",
        "threshold": 0.9,
        "roi": [
            55,
            925,
            464,
            101
        ],
        "next": [
            "小号分享联盟位置1"
        ]
    },
    "小号检查金色低战力": {
        "recognition": "TemplateMatch",
        "template": "大作战/金色低战力__308_896_81_18__258_846_181_118.png",
        "threshold": 0.95,
        "enabled": false,
        "roi": [
            308,
            896,
            81,
            18
        ],
        "next": [
            "小号分享联盟位置"
        ]
    },
    "小号检查三钻石车": {
        "recognition": "TemplateMatch",
        "template": "大作战/三钻石车__148_930_223_80__98_880_323_180.png",
        "threshold": 0.95,
        "enabled": true,
        "roi": [
            52,
            918,
            567,
            106
        ],
        "next": [
            "小号分享联盟位置"
        ]
    },
    "小号检查二火晶车": {
        "recognition": "TemplateMatch",
        "template": "大作战/两个火晶车__218_932_150_76__168_882_250_176.png",
        "threshold": 0.95,
        "roi": [
            52,
            918,
            567,
            106
        ],
        "next": [
            "小号分享联盟位置"
        ]
    },
    "小号检查紫色低战力": {
        "recognition": "TemplateMatch",
        "template": "大作战/紫色低战力__305_889_82_23__255_839_182_123.png",
        "threshold": 0.95,
        "enabled": false,
        "roi": [
            305,
            889,
            82,
            23
        ],
        "next": [
            "小号分享联盟位置"
        ]
    },
    "小号分享联盟位置": {
        "recognition": "TemplateMatch",
        "template": "大作战/分享按钮__610_761_46_46__560_711_146_146.png",
        "action": "Click",
        "next": [
            "小号分享到联盟聊天位置"
        ]
    },
    "小号分享到联盟聊天位置": {
        "recognition": "TemplateMatch",
        "template": "大作战/联盟聊天__67_522_117_106__17_472_217_206.png",
        "action": "Click",
        "post_delay": 1000,
        "next": [
            "小号刷新货车"
        ]
    },
    "小号没有火晶位置1": {
        "recognition": "TemplateMatch",
        "template": "大作战/两个火晶车__218_932_150_76__168_882_250_176.png",
        "threshold": 0.9,
        "inverse": true,
        "roi": [
            55,
            925,
            464,
            101
        ],
        "next": [
            "小号点位置2"
        ]
    },
    "小号分享联盟位置1": {
        "recognition": "TemplateMatch",
        "template": "大作战/分享按钮__610_761_46_46__560_711_146_146.png",
        "action": "Click",
        "next": [
            "小号分享到联盟聊天位置1"
        ]
    },
    "小号分享到联盟聊天位置1": {
        "recognition": "TemplateMatch",
        "template": "大作战/联盟聊天__67_522_117_106__17_472_217_206.png",
        "action": "Click",
        "post_delay": 1000,
        "next": [
            "小号重新点位置1"
        ]
    },
    "小号重新点位置1": {
        "action": "Click",
        "target": [
            166,
            568,
            9,
            20
        ],
        "post_delay": 600,
        "next": [
            "小号点位置2"
        ]
    },
    "小号点位置2": {
        "action": "Click",
        "target": [
            285,
            430,
            6,
            11
        ],
        "post_delay": 600,
        "next": [
            "小号检查金色低战力",
            "小号检查紫色低战力",
            "小号检查三钻石车",
            "小号检查二火晶车",
            "小号点位置3"
        ]
    },
    "小号检查火晶位置2": {
        "recognition": "TemplateMatch",
        "template": "大作战/两个火晶车__218_932_150_76__168_882_250_176.png",
        "threshold": 0.9,
        "roi": [
            55,
            925,
            464,
            101
        ],
        "next": [
            "小号分享联盟位置2"
        ]
    },
    "小号没有火晶位置2": {
        "recognition": "TemplateMatch",
        "template": "大作战/两个火晶车__218_932_150_76__168_882_250_176.png",
        "threshold": 0.9,
        "inverse": true,
        "roi": [
            55,
            925,
            464,
            101
        ],
        "next": [
            "小号点位置3"
        ]
    },
    "小号分享联盟位置2": {
        "recognition": "TemplateMatch",
        "template": "大作战/分享按钮__610_761_46_46__560_711_146_146.png",
        "action": "Click",
        "next": [
            "小号分享到联盟聊天位置2"
        ]
    },
    "小号分享到联盟聊天位置2": {
        "recognition": "TemplateMatch",
        "template": "大作战/联盟聊天__67_522_117_106__17_472_217_206.png",
        "action": "Click",
        "post_delay": 1000,
        "next": [
            "小号重新点位置2"
        ]
    },
    "小号重新点位置2": {
        "action": "Click",
        "target": [
            166,
            568,
            9,
            20
        ],
        "post_delay": 600,
        "next": [
            "小号点位置3"
        ]
    },
    "小号点位置3": {
        "action": "Click",
        "target": [
            416,
            425,
            11,
            18
        ],
        "post_delay": 600,
        "next": [
            "小号检查金色低战力",
            "小号检查紫色低战力",
            "小号检查三钻石车",
            "小号检查二火晶车",
            "小号点位置4"
        ]
    },
    "小号检查火晶位置3": {
        "recognition": "TemplateMatch",
        "template": "大作战/两个火晶车__218_932_150_76__168_882_250_176.png",
        "threshold": 0.9,
        "roi": [
            55,
            925,
            464,
            101
        ],
        "next": [
            "小号分享联盟位置3"
        ]
    },
    "小号没有火晶位置3": {
        "recognition": "TemplateMatch",
        "template": "大作战/两个火晶车__218_932_150_76__168_882_250_176.png",
        "threshold": 0.9,
        "inverse": true,
        "roi": [
            55,
            925,
            464,
            101
        ],
        "next": [
            "小号点位置4"
        ]
    },
    "小号分享联盟位置3": {
        "recognition": "TemplateMatch",
        "template": "大作战/分享按钮__610_761_46_46__560_711_146_146.png",
        "action": "Click",
        "next": [
            "小号分享到联盟聊天位置3"
        ]
    },
    "小号分享到联盟聊天位置3": {
        "recognition": "TemplateMatch",
        "template": "大作战/联盟聊天__67_522_117_106__17_472_217_206.png",
        "action": "Click",
        "post_delay": 1000,
        "next": [
            "小号重新点位置3"
        ]
    },
    "小号重新点位置3": {
        "action": "Click",
        "target": [
            166,
            568,
            9,
            20
        ],
        "post_delay": 600,
        "next": [
            "小号点位置4"
        ]
    },
    "小号点位置4": {
        "action": "Click",
        "target": [
            537,
            411,
            9,
            15
        ],
        "post_delay": 600,
        "next": [
            "小号检查金色低战力",
            "小号检查紫色低战力",
            "小号检查三钻石车",
            "小号检查二火晶车",
            "小号点位置5"
        ]
    },
    "小号检查火晶位置4": {
        "recognition": "TemplateMatch",
        "template": "大作战/两个火晶车__218_932_150_76__168_882_250_176.png",
        "threshold": 0.9,
        "roi": [
            55,
            925,
            464,
            101
        ],
        "next": [
            "小号分享联盟位置4"
        ]
    },
    "小号没有火晶位置4": {
        "recognition": "TemplateMatch",
        "template": "大作战/两个火晶车__218_932_150_76__168_882_250_176.png",
        "threshold": 0.9,
        "inverse": true,
        "roi": [
            55,
            925,
            464,
            101
        ],
        "next": [
            "小号点位置5"
        ]
    },
    "小号分享联盟位置4": {
        "recognition": "TemplateMatch",
        "template": "大作战/分享按钮__610_761_46_46__560_711_146_146.png",
        "action": "Click",
        "next": [
            "小号分享到联盟聊天位置4"
        ]
    },
    "小号分享到联盟聊天位置4": {
        "recognition": "TemplateMatch",
        "template": "大作战/联盟聊天__67_522_117_106__17_472_217_206.png",
        "action": "Click",
        "post_delay": 1000,
        "next": [
            "小号重新点位置4"
        ]
    },
    "小号重新点位置4": {
        "action": "Click",
        "target": [
            166,
            568,
            9,
            20
        ],
        "post_delay": 600,
        "next": [
            "小号点位置5"
        ]
    },
    "小号点位置5": {
        "action": "Click",
        "target": [
            175,
            686,
            7,
            17
        ],
        "post_delay": 600,
        "next": [
            "小号检查金色低战力",
            "小号检查紫色低战力",
            "小号检查三钻石车",
            "小号检查二火晶车",
            "小号点位置6"
        ]
    },
    "小号检查火晶位置5": {
        "recognition": "TemplateMatch",
        "template": "大作战/两个火晶车__218_932_150_76__168_882_250_176.png",
        "threshold": 0.9,
        "roi": [
            55,
            925,
            464,
            101
        ],
        "next": [
            "小号分享联盟位置5"
        ]
    },
    "小号没有火晶位置5": {
        "recognition": "TemplateMatch",
        "template": "大作战/两个火晶车__218_932_150_76__168_882_250_176.png",
        "threshold": 0.9,
        "inverse": true,
        "roi": [
            55,
            925,
            464,
            101
        ],
        "next": [
            "小号点位置6"
        ]
    },
    "小号分享联盟位置5": {
        "recognition": "TemplateMatch",
        "template": "大作战/分享按钮__610_761_46_46__560_711_146_146.png",
        "action": "Click",
        "next": [
            "小号分享到联盟聊天5"
        ]
    },
    "小号分享到联盟聊天5": {
        "recognition": "TemplateMatch",
        "template": "大作战/联盟聊天__67_522_117_106__17_472_217_206.png",
        "action": "Click",
        "post_delay": 1000,
        "next": [
            "小号重新点位置5"
        ]
    },
    "小号重新点位置5": {
        "action": "Click",
        "target": [
            166,
            568,
            9,
            20
        ],
        "post_delay": 600,
        "next": [
            "小号点位置6"
        ]
    },
    "小号点位置6": {
        "action": "Click",
        "target": [
            293,
            680,
            12,
            17
        ],
        "post_delay": 600,
        "next": [
            "小号检查金色低战力",
            "小号检查紫色低战力",
            "小号检查三钻石车",
            "小号检查二火晶车",
            "小号点位置7"
        ]
    },
    "小号检查火晶位置6": {
        "recognition": "TemplateMatch",
        "template": "大作战/两个火晶车__218_932_150_76__168_882_250_176.png",
        "threshold": 0.9,
        "roi": [
            55,
            925,
            464,
            101
        ],
        "next": [
            "小号分享联盟位置6"
        ]
    },
    "小号没有火晶位置6": {
        "recognition": "TemplateMatch",
        "template": "大作战/两个火晶车__218_932_150_76__168_882_250_176.png",
        "threshold": 0.9,
        "inverse": true,
        "roi": [
            55,
            925,
            464,
            101
        ],
        "next": [
            "小号点位置7"
        ]
    },
    "小号分享联盟位置6": {
        "recognition": "TemplateMatch",
        "template": "大作战/分享按钮__610_761_46_46__560_711_146_146.png",
        "action": "Click",
        "next": [
            "小号分享到联盟聊天6"
        ]
    },
    "小号分享到联盟聊天6": {
        "recognition": "TemplateMatch",
        "template": "大作战/联盟聊天__67_522_117_106__17_472_217_206.png",
        "action": "Click",
        "post_delay": 1000,
        "next": [
            "小号重新点位置6"
        ]
    },
    "小号重新点位置6": {
        "action": "Click",
        "target": [
            166,
            568,
            9,
            20
        ],
        "post_delay": 600,
        "next": [
            "小号点位置7"
        ]
    },
    "小号点位置7": {
        "action": "Click",
        "target": [
            420,
            685,
            11,
            17
        ],
        "post_delay": 600,
        "next": [
            "小号检查金色低战力",
            "小号检查紫色低战力",
            "小号检查三钻石车",
            "小号检查二火晶车",
            "小号点位置8"
        ]
    },
    "小号检查火晶位置7": {
        "recognition": "TemplateMatch",
        "template": "大作战/两个火晶车__218_932_150_76__168_882_250_176.png",
        "threshold": 0.9,
        "roi": [
            55,
            925,
            464,
            101
        ],
        "next": [
            "小号分享联盟位置7"
        ]
    },
    "小号没有火晶位置7": {
        "recognition": "TemplateMatch",
        "template": "大作战/两个火晶车__218_932_150_76__168_882_250_176.png",
        "threshold": 0.9,
        "inverse": true,
        "roi": [
            55,
            925,
            464,
            101
        ],
        "next": [
            "小号点位置8"
        ]
    },
    "小号分享联盟位置7": {
        "recognition": "TemplateMatch",
        "template": "大作战/分享按钮__610_761_46_46__560_711_146_146.png",
        "action": "Click",
        "next": [
            "小号分享到联盟聊天7"
        ]
    },
    "小号分享到联盟聊天7": {
        "recognition": "TemplateMatch",
        "template": "大作战/联盟聊天__67_522_117_106__17_472_217_206.png",
        "action": "Click",
        "post_delay": 1000,
        "next": [
            "小号重新点位置7"
        ]
    },
    "小号重新点位置7": {
        "action": "Click",
        "target": [
            166,
            568,
            9,
            20
        ],
        "post_delay": 600,
        "next": [
            "小号点位置8"
        ]
    },
    "小号点位置8": {
        "action": "Click",
        "target": [
            535,
            685,
            10,
            16
        ],
        "post_delay": 600,
        "next": [
            "小号检查金色低战力",
            "小号检查紫色低战力",
            "小号刷新货车"
        ]
    },
    "小号检查火晶位置8": {
        "recognition": "TemplateMatch",
        "template": "大作战/两个火晶车__218_932_150_76__168_882_250_176.png",
        "threshold": 0.9,
        "roi": [
            55,
            925,
            464,
            101
        ],
        "next": [
            "小号分享联盟位置8"
        ]
    },
    "小号没有火晶位置8": {
        "recognition": "TemplateMatch",
        "template": "大作战/两个火晶车__218_932_150_76__168_882_250_176.png",
        "threshold": 0.9,
        "inverse": true,
        "roi": [
            55,
            925,
            464,
            101
        ]
    },
    "小号分享联盟位置8": {
        "recognition": "TemplateMatch",
        "template": "大作战/分享按钮__610_761_46_46__560_711_146_146.png",
        "action": "Click",
        "next": [
            "小号分享到联盟聊天8"
        ]
    },
    "小号分享到联盟聊天8": {
        "recognition": "TemplateMatch",
        "template": "大作战/联盟聊天__67_522_117_106__17_472_217_206.png",
        "action": "Click",
        "post_delay": 1000
    },
    "小号刷新货车": {
        "target": [
            632,
            405,
            9,
            13
        ],
        "action": "Click",
        "post_delay": 5000,
        "next": [
            "小号点位置1"
        ]
    }
}