{
    "治疗伤兵入口": {
        "next": [
            "治疗如果没有探险功能7",
            "治疗关闭行军按钮7",
            "治疗ClickExpandIcon7"
        ]
    },
    "治疗如果没有探险功能7": {
        "recognition": "OCR",
        "expected": "探险",
        "roi": [
            5,
            1176,
            124,
            105
        ],
        "inverse": true,
        "next": [
            "治疗点击返回7"
        ]
    },
    "治疗点击返回7": {
        "action": "Click",
        "target": [
            6,
            6,
            5,
            4
        ],
        "next": [
            "治疗伤兵入口"
        ]
    },
    "治疗关闭行军按钮7": {
        "recognition": "TemplateMatch",
        "template": "行军已展开__11_193_86_37__0_143_147_137.png",
        "action": "Click",
        "roi": [
            5,
            177,
            257,
            63
        ],
        "threshold": 0.95,
        "next": [
            "治疗ClickExpandIcon7"
        ]
    },
    "治疗ClickExpandIcon7": {
        "action": "Click",
        "target": [
            7,
            585,
            7,
            6
        ],
        "next": [
            "治疗ClickResearch7"
        ]
    },
    "治疗ClickResearch7": {
        "recognition": "TemplateMatch",
        "template": "collection/research.png",
        "roi": [
            11,
            748,
            172,
            103
        ],
        "action": "Click",
        "post_delay": 500,
        "next": [
            "看到军医所"
        ]
    },
    "看到军医所": {
        "recognition": "TemplateMatch",
        "template": "治疗/军医所__442_366_174_122__392_316_274_222.png",
        "action": "Click",
        "next": [
            "日常点击治疗按钮"
        ]
    },
    "日常点击治疗按钮": {
        "recognition": "TemplateMatch",
        "template": "治疗/日常治疗按钮__447_814_78_80__397_764_178_180.png",
        "roi": [
            91,
            321,
            515,
            663
        ],
        "action": "Click",
        "next": [
            "军医所内点击右下角治疗",
            "没有伤兵"
        ]
    },
    "军医所内点击右下角治疗": {
        "recognition": "OCR",
        "expected": "治疗",
        "roi": [
            432,
            1133,
            277,
            121
        ],
        "action": "Click",
        "next": [
            "点击军医所治疗帮助"
        ]
    },
    "军医所已经在治疗当中": {
        "recognition": "OCR",
        "expected": "加速",
        "roi": [
            432,
            1133,
            277,
            121
        ],
        "next": [
            "治疗伤兵完成"
        ]
    },
    "点击军医所治疗帮助": {
        "recognition": "TemplateMatch",
        "template": "治疗/军医所治疗帮助图标__325_537_68_66__275_487_168_166.png",
        "action": "Click",
        "roi": [
            84,
            438,
            525,
            409
        ],
        "next": [
            "治疗伤兵完成"
        ]
    },
    "没有伤兵": {
        "recognition": "TemplateMatch",
        "template": "治疗/没有伤兵__184_459_329_274__134_409_429_374.png",
        "next": [
            "治疗伤兵完成"
        ]
    },
    "治疗伤兵完成": {}
}