{
    "提炼火晶奖励": {
        "next": [
            "如果没有探险功能5",
            "关闭行军按钮5",
            "ClickExpandIcon5"
        ]
    },
    "如果没有探险功能5": {
        "recognition": "OCR",
        "expected": "探险",
        "roi": [
            5,
            1176,
            124,
            105
        ],
        "inverse": true,
        "next": [
            "点击返回5"
        ]
    },
    "点击返回5": {
        "action": "Click",
        "target": [
            6,
            6,
            5,
            4
        ],
        "next": [
            "提炼火晶奖励"
        ]
    },
    "关闭行军按钮5": {
        "recognition": "TemplateMatch",
        "template": "行军已展开__11_193_86_37__0_143_147_137.png",
        "action": "Click",
        "roi": [
            5,
            177,
            257,
            63
        ],
        "threshold": 0.95,
        "next": [
            "ClickExpandIcon5"
        ]
    },
    "ClickExpandIcon5": {
        "action": "Click",
        "target": [
            7,
            585,
            7,
            6
        ],
        "next": [
            "切到茅兵营"
        ]
    },
    "切到茅兵营": {
        "recognition": "TemplateMatch",
        "roi": [
            6,
            588,
            134,
            86
        ],
        "template": "茅兵展开按钮__16_601_56_60__0_551_122_160.png",
        "action": "Click",
        "next": [
            "看到茅兵营",
            "看到茅兵营2",
            "看到茅兵营3"
        ]
    },
    "看到茅兵营": {
        "recognition": "OCR",
        "expected": "矛兵营",
        "roi": [
            219,
            488,
            309,
            128
        ],
        "next": [
            "点击炼晶实验室"
        ],
        "on_error": [
            "提炼结束"
        ]
    },
    "看到茅兵营2": {
        "recognition": "TemplateMatch",
        "template": "矛兵营图片__170_664_137_127__120_614_237_227.png",
        "next": [
            "点击炼晶实验室"
        ],
        "on_error": [
            "提炼结束"
        ]
    },
    "看到茅兵营3": {
        "recognition": "TemplateMatch",
        "template": "提炼火晶/非火晶矛兵营__121_668_317_190__71_618_417_290.png",
        "next": [
            "点击炼晶实验室"
        ],
        "on_error": [
            "提炼结束"
        ]
    },
    "点击炼晶实验室": {
        "action": "Click",
        "target": [
            465,
            942,
            23,
            28
        ],
        "next": [
            "提炼火晶或者超级提炼"
        ]
    },
    "提炼火晶或者超级提炼": {
        "next": [
            "提炼火晶",
            "没有超级提炼提炼火晶",
            "超级提炼",
            "提炼结束"
        ]
    },
    "提炼火晶": {
        "template": "炼晶蓝色提炼按钮__235_616_249_78__185_566_349_178.png",
        "threshold": 0.9,
        "recognition": "TemplateMatch",
        "action": "Click",
        "next": [
            "提炼火晶或者超级提炼"
        ],
        "on_error": [
            "提炼结束"
        ]
    },
    "没有超级提炼提炼火晶": {
        "template": "提炼火晶/蓝色提炼图标2__233_1128_245_74__183_1078_345_174.png",
        "threshold": 0.9,
        "recognition": "TemplateMatch",
        "action": "Click",
        "next": [
            "提炼火晶或者超级提炼"
        ],
        "on_error": [
            "提炼结束"
        ]
    },
    "超级提炼": {
        "roi": [
            8,
            762,
            291,
            263
        ],
        "template": "超级提炼每日特惠__35_812_220_199__0_762_305_299.png",
        "recognition": "TemplateMatch",
        "next": [
            "超级提炼1次"
        ],
        "on_error": [
            "提炼结束"
        ]
    },
    "超级提炼1次": {
        "roi": [
            366,
            1100,
            328,
            124
        ],
        "expected": "超级提炼1次",
        "recognition": "OCR",
        "action": "Click",
        "next": [
            "提炼结束"
        ]
    },
    "提炼结束": {}
}