{
    "生命之树": {
        "next": [
            "如果已经在海岛",
            "如果没有探险功能8",
            "关闭行军按钮8",
            "ClickExpandIcon8"
        ]
    },
    "如果已经在海岛": {
        "recognition": "OCR",
        "expected": "我的海岛",
        "roi": [
            4,
            1,
            303,
            61
        ],
        "target_offset": [
            -100,
            0,
            0,
            0
        ],
        "action": "Click",
        "next": [
            "生命之树"
        ]
    },
    "如果没有探险功能8": {
        "recognition": "OCR",
        "expected": "探险",
        "roi": [
            5,
            1176,
            124,
            105
        ],
        "inverse": true,
        "next": [
            "点击返回8"
        ]
    },
    "点击返回8": {
        "action": "Click",
        "target": [
            6,
            6,
            5,
            4
        ],
        "next": [
            "生命之树"
        ]
    },
    "关闭行军按钮8": {
        "recognition": "TemplateMatch",
        "template": "行军已展开__11_193_86_37__0_143_147_137.png",
        "action": "Click",
        "roi": [
            5,
            177,
            257,
            63
        ],
        "threshold": 0.95,
        "next": [
            "ClickExpandIcon8"
        ]
    },
    "ClickExpandIcon8": {
        "action": "Click",
        "target": [
            7,
            585,
            7,
            6
        ],
        "next": [
            "向上滑动展开菜单"
        ]
    },
    "向上滑动展开菜单": {
        "action": "Swipe",
        "begin": [
            205,
            803,
            33,
            12
        ],
        "end": [
            182,
            327,
            10,
            11
        ],
        "post_delay": 600,
        "next": [
            "点击生命之树"
        ]
    },
    "点击生命之树": {
        "recognition": "TemplateMatch",
        "template": "展开菜单生命之树按钮__17_574_68_56__0_524_135_156.png",
        "threshold": 0.95,
        "pre_delay": 500,
        "action": "Click",
        "roi": [
            10,
            321,
            93,
            536
        ],
        "next": [
            "进入我的海岛"
        ]
    },
    "进入我的海岛": {
        "recognition": "OCR",
        "expected": "我的海岛",
        "roi": [
            4,
            1,
            303,
            61
        ],
        "next": [
            "点击生命之树收集"
        ]
    },
    "点击生命之树收集": {
        "action": "Click",
        "target": [
            334,
            663,
            29,
            29
        ],
        "next": [
            "点击木材加工厂"
        ]
    },
    "点击木材加工厂": {
        "action": "Click",
        "target": [
            342,
            122,
            15,
            14
        ],
        "next": [
            "海岛点击退出"
        ]
    },
    "海岛点击退出": {
        "action": "Click",
        "target": [
            32,
            16,
            26,
            24
        ],
        "post_delay": 800,
        "next": [
            "生命之树完成"
        ]
    },
    "生命之树完成": {}
}