{
    "竞技场入口": {
        "next": [
            "如果没有领主档案14竞技场",
            "点击返回14竞技场"
        ]
    },
    "如果没有领主档案14竞技场": {
        "recognition": "OCR",
        "expected": "领主档案",
        "roi": [
            84,
            14,
            164,
            58
        ],
        "inverse": true,
        "next": [
            "点击领主或者返回14竞技场"
        ]
    },
    "点击领主或者返回14竞技场": {
        "action": "Click",
        "target": [
            10,
            9,
            3,
            3
        ],
        "next": [
            "竞技场入口"
        ]
    },
    "点击返回14竞技场": {
        "action": "Click",
        "target": [
            10,
            9,
            3,
            3
        ],
        "next": [
            "关闭行军按钮竞技场",
            "点开展开菜单竞技场"
        ]
    },
    "关闭行军按钮竞技场": {
        "recognition": "TemplateMatch",
        "template": "行军已展开__11_193_86_37__0_143_147_137.png",
        "action": "Click",
        "roi": [
            5,
            177,
            257,
            63
        ],
        "threshold": 0.95,
        "next": [
            "点开展开菜单竞技场"
        ]
    },
    "点开展开菜单竞技场": {
        "action": "Click",
        "target": [
            7,
            585,
            7,
            6
        ],
        "next": [
            "移动到射手兵营竞技场"
        ]
    },
    "移动到射手兵营竞技场": {
        "recognition": "OCR",
        "expected": "射手",
        "roi": [
            11,
            519,
            432,
            236
        ],
        "action": "Click",
        "post_delay": 2000,
        "next": [
            "看到射手兵营竞技场"
        ]
    },
    "看到射手兵营竞技场": {
        "recognition": "TemplateMatch",
        "template": "其他/射手兵营部分图片__475_556_99_92__425_506_199_192.png",
        "next": [
            "点击竞技场竞技场"
        ]
    },
    "点击竞技场竞技场": {
        "action": "Click",
        "target": [
            680,
            690,
            18,
            23
        ],
        "next": [
            "进入竞技场"
        ]
    },
    "进入竞技场": {
        "recognition": "OCR",
        "expected": "万国竞技场",
        "roi": [
            84,
            14,
            164,
            58
        ],
        "next": [
            "点击挑战竞技场"
        ]
    },
    "点击挑战竞技场": {
        "recognition": "OCR",
        "expected": "挑战",
        "roi": [
            171,
            1161,
            397,
            112
        ],
        "action": "Click",
        "next": [
            "挑战竞技场最后一个",
            "竞技场无挑战次数"
        ]
    },
    "挑战竞技场最后一个": {
        "recognition": "TemplateMatch",
        "template": "竞技场/挑战列表的挑战按钮__590_837_68_69__540_787_168_169.png",
        "roi": [
            204,
            813,
            482,
            126
        ],
        "threshold": 0.9,
        "action": "Click",
        "next": [
            "一键上阵"
        ]
    },
    "一键上阵": {
        "recognition": "OCR",
        "expected": "一键上阵",
        "roi": [
            31,
            1150,
            659,
            109
        ],
        "action": "Click",
        "next": [
            "竞技场开始战斗"
        ]
    },
    "竞技场开始战斗": {
        "recognition": "OCR",
        "expected": "战斗",
        "roi": [
            31,
            1150,
            659,
            109
        ],
        "action": "Click",
        "next": [
            "竞技场点击暂停",
            "切换x2速度",
            "竞技场结束点击任意位置退出"
        ]
    },
    "切换x2速度": {
        "recognition": "TemplateMatch",
        "template": "竞技场/x1速度__630_933_60_55__580_883_140_155.png",
        "action": "Click",
        "next": [
            "竞技场结束点击任意位置退出"
        ]
    },
    "竞技场结束点击任意位置退出": {
        "recognition": "OCR",
        "expected": "点击任意位置退出",
        "action": "Click",
        "next": [
            "挑战竞技场最后一个",
            "竞技场无挑战次数"
        ]
    },
    "竞技场无挑战次数": {
        "recognition": "TemplateMatch",
        "template": "竞技场/灰色挑战按钮__593_840_65_65__543_790_165_165.png",
        "roi": [
            204,
            813,
            482,
            126
        ],
        "threshold": 0.9,
        "next": [
            "竞技场完成"
        ]
    },
    "竞技场点击暂停": {
        "recognition": "TemplateMatch",
        "template": "竞技场/暂停按钮__29_935_59_53__0_885_138_153.png",
        "action": "Click",
        "roi": [
            15,
            896,
            141,
            116
        ],
        "next": [
            "竞技场退出战斗",
            "竞技场点击暂停"
        ]
    },
    "竞技场退出战斗": {
        "recognition": "TemplateMatch",
        "template": "竞技场/退出按钮__210_583_91_106__160_533_191_206.png",
        "action": "Click",
        "roi": [
            141,
            539,
            222,
            229
        ],
        "next": [
            "竞技场结束点击任意位置退出"
        ]
    },
    "竞技场完成": {}
}