{
    "联盟商店入口": {
        "next": [
            "如果没有探险功能联盟商店",
            "联盟商店进入联盟菜单"
        ]
    },
    "如果没有探险功能联盟商店": {
        "recognition": "OCR",
        "expected": "探险",
        "roi": [
            5,
            1176,
            124,
            105
        ],
        "inverse": true,
        "next": [
            "点击返回联盟商店"
        ]
    },
    "点击返回联盟商店": {
        "action": "Click",
        "target": [
            6,
            6,
            5,
            4
        ],
        "next": [
            "联盟商店入口"
        ]
    },
    "联盟商店进入联盟菜单": {
        "action": "Click",
        "recognition": "TemplateMatch",
        "template": "菜单/联盟图标__497_1203_79_61__447_1153_179_127.png",
        "roi": [
            157,
            1180,
            538,
            100
        ],
        "next": [
            "联盟商店确认进入联盟页面"
        ]
    },
    "联盟商店确认进入联盟页面": {
        "recognition": "OCR",
        "expected": "联盟",
        "roi": [
            64,
            10,
            285,
            67
        ],
        "next": [
            "进入联盟商店"
        ]
    },
    "进入联盟商店": {
        "recognition": "OCR",
        "expected": "联盟商店",
        "roi": [
            31,
            871,
            339,
            118
        ],
        "action": "Click",
        "next": [
            "确认进入联盟商店"
        ]
    },
    "确认进入联盟商店": {
        "recognition": "OCR",
        "expected": "联盟商店",
        "roi": [
            64,
            10,
            285,
            67
        ],
        "next": [
            "联盟商店购买循环"
        ]
    },
    "联盟商店购买循环": {
        "next": [
            "allvip",
            "治疗1小时三折",
            "建筑1小时三折",
            "治疗5分钟三折",
            "治疗5分钟三折_2",
            "盟迁三折",
            "高迁三折",
            "召回三折",
            "盟主迁城三折",
            "研究五分钟三折",
            "造兵五分钟三折",
            "造兵一小时三折",
            "进入本周页面",
            "联盟商店完成"
        ]
    },
    "allvip": {
        "recognition": "TemplateMatch",
        "template": "联盟商店/vip__315_1099_94_79__265_1049_194_179.png",
        "action": "Click",
        "threshold": 0.9,
        "target_offset": [
            0,
            -50,
            0,
            0
        ],
        "next": [
            "联盟商店确定购买",
            "联盟商店购买循环"
        ]
    },
    "治疗1小时三折": {
        "recognition": "TemplateMatch",
        "template": "联盟商店/治疗1小时三折__41_777_198_146__0_727_289_246.png",
        "action": "Click",
        "threshold": 0.95,
        "target_offset": [
            0,
            -50,
            0,
            0
        ],
        "next": [
            "联盟商店确定购买",
            "联盟商店购买循环"
        ]
    },
    "建筑1小时三折": {
        "recognition": "TemplateMatch",
        "template": "联盟商店/建筑1小时三折__480_491_199_152__430_441_290_252.png",
        "action": "Click",
        "threshold": 0.95,
        "target_offset": [
            0,
            -50,
            0,
            0
        ],
        "next": [
            "联盟商店确定购买",
            "联盟商店购买循环"
        ]
    },
    "治疗5分钟三折": {
        "recognition": "TemplateMatch",
        "template": "联盟商店/治疗5分钟三折__258_209_205_148__208_159_305_248.png",
        "action": "Click",
        "threshold": 0.95,
        "target_offset": [
            0,
            -50,
            0,
            0
        ],
        "next": [
            "联盟商店确定购买",
            "联盟商店购买循环"
        ]
    },
    "治疗5分钟三折_2": {
        "recognition": "TemplateMatch",
        "template": "联盟商店/治疗5分钟三折__260_1031_199_144__210_981_299_244.png",
        "action": "Click",
        "threshold": 0.95,
        "target_offset": [
            0,
            -50,
            0,
            0
        ],
        "next": [
            "联盟商店确定购买",
            "联盟商店购买循环"
        ]
    },
    "盟迁三折": {
        "recognition": "TemplateMatch",
        "template": "联盟商店/盟迁三折__261_775_196_148__211_725_296_248.png",
        "action": "Click",
        "threshold": 0.95,
        "target_offset": [
            0,
            -50,
            0,
            0
        ],
        "next": [
            "联盟商店确定购买",
            "联盟商店购买循环"
        ]
    },
    "高迁三折": {
        "recognition": "TemplateMatch",
        "template": "联盟商店/高迁三折__264_492_193_150__214_442_293_250.png",
        "action": "Click",
        "threshold": 0.95,
        "target_offset": [
            0,
            -50,
            0,
            0
        ],
        "next": [
            "联盟商店确定购买",
            "联盟商店购买循环"
        ]
    },
    "召回三折": {
        "recognition": "TemplateMatch",
        "template": "联盟商店/召回三折__37_776_202_147__0_726_289_247.png",
        "action": "Click",
        "threshold": 0.95,
        "target_offset": [
            0,
            -50,
            0,
            0
        ],
        "next": [
            "联盟商店确定购买",
            "联盟商店购买循环"
        ]
    },
    "盟主迁城三折": {
        "recognition": "TemplateMatch",
        "template": "联盟商店/盟主迁城三折__482_491_198_150__432_441_288_250.png",
        "action": "Click",
        "threshold": 0.95,
        "target_offset": [
            0,
            -50,
            0,
            0
        ],
        "next": [
            "联盟商店确定购买",
            "联盟商店购买循环"
        ]
    },
    "研究五分钟三折": {
        "recognition": "TemplateMatch",
        "template": "联盟商店/研究五分钟三折__40_943_195_146__0_893_285_246.png",
        "action": "Click",
        "threshold": 0.95,
        "target_offset": [
            0,
            -50,
            0,
            0
        ],
        "next": [
            "联盟商店确定购买",
            "联盟商店购买循环"
        ]
    },
    "造兵五分钟三折": {
        "recognition": "TemplateMatch",
        "template": "联盟商店/造兵五分钟三折__43_492_195_154__0_442_288_254.png",
        "action": "Click",
        "threshold": 0.95,
        "target_offset": [
            0,
            -50,
            0,
            0
        ],
        "next": [
            "联盟商店确定购买",
            "联盟商店购买循环"
        ]
    },
    "造兵一小时三折": {
        "recognition": "TemplateMatch",
        "template": "联盟商店/造兵一小时三折__479_957_200_154__429_907_291_254.png",
        "action": "Click",
        "threshold": 0.95,
        "target_offset": [
            0,
            -50,
            0,
            0
        ],
        "next": [
            "联盟商店确定购买",
            "联盟商店购买循环"
        ]
    },
    "购买造兵五分钟三折": {
        "recognition": "TemplateMatch",
        "template": "联盟商店/造兵五分钟三折__43_492_195_154__0_442_288_254.png",
        "action": "Click",
        "threshold": 0.95,
        "target_offset": [
            0,
            -50,
            0,
            0
        ],
        "next": [
            "联盟商店确定购买",
            "联盟商店购买循环"
        ]
    },
    "联盟商店确定购买": {
        "recognition": "TemplateMatch",
        "template": "联盟商店/确定购买硬币图标__288_799_56_56__238_749_156_156.png",
        "action": "Click",
        "roi": [
            220,
            791,
            288,
            79
        ],
        "next": [
            "联盟商店购买循环"
        ],
        "post_delay": 1000
    },
    "进入本周页面": {
        "recognition": "TemplateMatch",
        "template": "联盟商店/本周按钮__461_1212_146_61__411_1162_246_118.png",
        "threshold": 0.9,
        "action": "Click",
        "next": [
            "联盟商店购买循环"
        ],
        "post_delay": 500
    },
    "联盟商店完成": {}
}