{
    "英雄招募奖励": {
        "next": [
            "如果没有探险功能6",
            "进入英雄列表"
        ]
    },
    "如果没有探险功能6": {
        "recognition": "OCR",
        "expected": "探险",
        "roi": [
            5,
            1176,
            124,
            105
        ],
        "inverse": true,
        "next": [
            "点击返回6"
        ]
    },
    "点击返回6": {
        "action": "Click",
        "target": [
            6,
            6,
            5,
            4
        ],
        "next": [
            "英雄招募奖励"
        ]
    },
    "进入英雄列表": {
        "recognition": "OCR",
        "expected": "英雄",
        "roi": [
            37,
            1168,
            313,
            113
        ],
        "action": "Click",
        "next": [
            "进入英雄招募页面"
        ],
        "on_error": [
            "免费招募奖励完成"
        ]
    },
    "进入英雄招募页面": {
        "recognition": "OCR",
        "expected": "英雄招募",
        "roi": [
            355,
            1141,
            364,
            126
        ],
        "action": "Click",
        "next": [
            "进行免费英雄招募"
        ],
        "on_error": [
            "免费招募奖励完成"
        ]
    },
    "进行免费英雄招募": {
        "next": [
            "免费招募",
            "免费招募奖励完成"
        ]
    },
    "免费招募": {
        "recognition": "TemplateMatch",
        "template": "免费招募一次__71_815_234_58__21_765_334_158.png",
        "roi": [
            17,
            663,
            683,
            606
        ],
        "action": "Click",
        "next": [
            "点击任意位置退出"
        ],
        "on_error": [
            "免费招募奖励完成"
        ]
    },
    "点击任意位置退出": {
        "recognition": "OCR",
        "expected": "点击任意位置退出",
        "roi": [
            162,
            1124,
            379,
            116
        ],
        "action": "Click",
        "next": [
            "进行免费英雄招募"
        ],
        "on_error": [
            "免费招募奖励完成"
        ]
    },
    "免费招募奖励完成": {}
}