{
    "找到转盘图标循环": {
        "next": [
            "点击转盘tab",
            "点击转盘tab2",
            "转盘已经到了最后一个tab",
            "转盘常规活动向右移动一格"
        ]
    },
    "转盘常规活动向右移动一格": {
        "action": "Swipe",
        "begin": [
            395,
            143,
            8,
            13
        ],
        "end": [
            292,
            139,
            6,
            13
        ],
        "next": [
            "找到转盘图标循环"
        ]
    },
    "点击转盘tab": {
        "template": "常规任务/转盘已经选择__476_101_121_88__426_51_221_188.png",
        "recognition": "TemplateMatch",
        "roi": [
            12,
            82,
            711,
            118
        ],
        "action": "Click",
        "next": [
            "转盘点击宝箱"
        ]
    },
    "点击转盘tab2": {
        "template": "常规任务/转盘未选择__470_102_134_81__420_52_234_181.png",
        "recognition": "TemplateMatch",
        "roi": [
            12,
            82,
            711,
            118
        ],
        "action": "Click",
        "next": [
            "转盘点击宝箱"
        ]
    },
    "转盘点击宝箱": {
        "recognition": "TemplateMatch",
        "template": "常规任务/转盘宝箱__36_1004_84_74__0_954_170_174.png",
        "action": "Click",
        "next": [
            "转盘点免费按钮",
            "转盘点击宝箱"
        ]
    },
    "转盘点免费按钮": {
        "recognition": "OCR",
        "expected": "免费",
        "action": "Click",
        "roi": [
            381,
            293,
            262,
            99
        ],
        "next": [
            "转盘点击任意退出",
            "转盘领取完成"
        ]
    },
    "转盘点击任意退出": {
        "action": "Click",
        "recognition": "OCR",
        "expected": "点击任意位置退出",
        "next": [
            "转盘领取完成"
        ]
    },
    "转盘已经到了最后一个tab": {
        "template": "常规活动/已经到了最后社区tab__535_119_104_57__485_69_204_157.png",
        "recognition": "TemplateMatch",
        "next": [
            "转盘领取完成"
        ]
    },
    "转盘领取完成": {}
}