{
    "造兵入口": {
        "next": [
            "如果没有领主档案13",
            "造兵返回城镇页面"
        ]
    },
    "如果没有领主档案13": {
        "recognition": "OCR",
        "expected": "领主档案",
        "roi": [
            84,
            14,
            164,
            58
        ],
        "inverse": true,
        "next": [
            "点击领主或者返回13"
        ]
    },
    "点击领主或者返回13": {
        "action": "Click",
        "target": [
            55,
            57,
            2,
            4
        ],
        "next": [
            "造兵入口"
        ]
    },
    "造兵返回城镇页面": {
        "action": "Click",
        "target": [
            55,
            57,
            2,
            4
        ],
        "post_delay": 1000,
        "next": [
            "关闭行军按钮13",
            "造兵点开展开菜单"
        ]
    },
    "关闭行军按钮13": {
        "recognition": "TemplateMatch",
        "template": "行军已展开__11_193_86_37__0_143_147_137.png",
        "action": "Click",
        "roi": [
            5,
            177,
            257,
            63
        ],
        "threshold": 0.95,
        "next": [
            "造兵点开展开菜单"
        ]
    },
    "造兵点开展开菜单": {
        "action": "Click",
        "target": [
            7,
            585,
            7,
            6
        ],
        "next": [
            "造兵菜单已展开"
        ]
    },
    "造兵菜单已展开": {
        "recognition": "OCR",
        "expected": "部队训练",
        "next": [
            "盾兵完成",
            "盾兵空闲中",
            "造兵完成"
        ]
    },
    "盾兵完成": {
        "recognition": "OCR",
        "expected": "已完成",
        "roi": [
            11,
            519,
            432,
            236
        ],
        "action": "Click",
        "post_delay": 2000,
        "next": [
            "确认完成造兵"
        ]
    },
    "盾兵空闲中": {
        "recognition": "OCR",
        "expected": "空闲中",
        "roi": [
            11,
            519,
            432,
            236
        ],
        "action": "Click",
        "post_delay": 2000,
        "next": [
            "确认完成造兵"
        ]
    },
    "确认完成造兵": {
        "action": "Click",
        "target": [
            334,
            557,
            70,
            53
        ],
        "next": [
            "继续训练"
        ],
        "post_delay": 500
    },
    "继续训练": {
        "action": "Click",
        "target": [
            334,
            557,
            70,
            53
        ],
        "next": [
            "点击训练"
        ],
        "post_delay": 500
    },
    "点击训练": {
        "recognition": "TemplateMatch",
        "template": "造兵/盾兵训练按钮__456_824_58_58__406_774_158_158.png",
        "roi": [
            101,
            704,
            492,
            275
        ],
        "action": "Click",
        "next": [
            "跳过兵种介绍",
            "跳过兵种介绍2",
            "clickTrainButton"
        ]
    },
    "跳过兵种介绍": {
        "recognition": "OCR",
        "expected": "点击任意位置继续",
        "roi": [
            71,
            1078,
            621,
            198
        ],
        "action": "Click",
        "next": [
            "跳过兵种介绍",
            "跳过兵种介绍2",
            "clickTrainButton"
        ]
    },
    "跳过兵种介绍2": {
        "recognition": "OCR",
        "expected": "点击任意位置退出",
        "roi": [
            71,
            1078,
            621,
            198
        ],
        "action": "Click",
        "next": [
            "跳过兵种介绍",
            "跳过兵种介绍2",
            "clickTrainButton"
        ]
    },
    "clickTrainButton": {
        "recognition": "OCR",
        "expected": "训练",
        "roi": [
            378,
            1153,
            301,
            99
        ],
        "action": "Click",
        "next": [
            "造兵返回"
        ]
    },
    "造兵返回": {
        "action": "Click",
        "target": [
            55,
            57,
            2,
            4
        ],
        "next": [
            "造兵点开展开菜单"
        ]
    },
    "造兵完成": {}
}