{
    "采集牧场入口": {
        "next": [
            "如果没有领主档案10",
            "开始采集牧场"
        ]
    },
    "如果没有领主档案10": {
        "recognition": "OCR",
        "expected": "领主档案",
        "roi": [
            84,
            14,
            164,
            58
        ],
        "inverse": true,
        "next": [
            "点击领主或者返回10"
        ]
    },
    "点击领主或者返回10": {
        "action": "Click",
        "target": [
            55,
            57,
            2,
            4
        ],
        "next": [
            "采集牧场入口"
        ]
    },
    "开始采集牧场": {
        "action": "Click",
        "target": [
            55,
            57,
            2,
            4
        ],
        "next": [
            "牧场进入野外界面",
            "点击搜索按钮"
        ]
    },
    "牧场进入野外界面": {
        "recognition": "OCR",
        "expected": "野外",
        "roi": [
            514,
            1170,
            205,
            111
        ],
        "action": "Click",
        "next": [
            "开始采集牧场"
        ]
    },
    "点击搜索按钮": {
        "recognition": "TemplateMatch",
        "green_mask": true,
        "template": "searchButton__5_835_81_78__0_785_136_178.png",
        "roi": [
            2,
            825,
            108,
            98
        ],
        "action": "Click",
        "next": [
            "看到牧场"
        ]
    },
    "看到牧场": {
        "recognition": "TemplateMatch",
        "template": "牧场图片__299_863_120_102__249_813_220_202.png",
        "roi": [
            -1,
            830,
            724,
            166
        ],
        "action": "Swipe",
        "begin": [
            624,
            909,
            14,
            19
        ],
        "end": [
            105,
            905,
            10,
            10
        ],
        "next": [
            "点击牧场"
        ]
    },
    "点击牧场": {
        "recognition": "TemplateMatch",
        "template": "牧场图片__299_863_120_102__249_813_220_202.png",
        "roi": [
            -1,
            830,
            724,
            166
        ],
        "action": "Click",
        "next": [
            "设置成8级资源",
            "搜索8级牧场"
        ]
    },
    "设置成8级资源": {
        "recognition": "TemplateMatch",
        "template": "资源等级加号__466_1030_45_48__416_980_145_148.png",
        "action": "Click",
        "threshold": 0.95,
        "roi": [
            452,
            1021,
            67,
            65
        ],
        "next": [
            "点击牧场"
        ]
    },
    "搜索8级牧场": {
        "recognition": "OCR",
        "expected": "搜索",
        "action": "Click",
        "roi": [
            189,
            1172,
            372,
            87
        ],
        "next": [
            "采集英雄页面"
        ]
    },
    "采集英雄页面": {
        "recognition": "OCR",
        "expected": "采集",
        "action": "Click",
        "roi": [
            256,
            592,
            229,
            72
        ],
        "post_delay": 500,
        "next": [
            "行军队列已满",
            "派遣牧场英雄",
            "牧场英雄已经派出"
        ],
        "on_error": [
            "肉类采集完成"
        ]
    },
    "行军队列已满": {
        "recognition": "TemplateMatch",
        "template": "行军队列已满__58_314_595_313__8_264_695_413.png",
        "roi": [
            15,
            251,
            689,
            755
        ],
        "next": [
            "肉类采集完成"
        ]
    },
    "牧场英雄已经派出": {
        "recognition": "TemplateMatch",
        "roi": [
            82,
            284,
            176,
            308
        ],
        "inverse": true,
        "template": "肉类采集英雄__104_327_149_172__54_277_249_272.png",
        "next": [
            "肉类采集完成"
        ]
    },
    "派遣牧场英雄": {
        "recognition": "TemplateMatch",
        "roi": [
            69,
            285,
            197,
            293
        ],
        "template": "肉类采集英雄__104_327_149_172__54_277_249_272.png",
        "next": [
            "牧场取消第二位英雄",
            "出征采集牧场",
            "没有士兵牧场"
        ]
    },
    "牧场取消第二位英雄": {
        "recognition": "TemplateMatch",
        "template": "采集/取消英雄按钮__411_307_31_28__361_257_131_128.png",
        "action": "Click",
        "roi": [
            343,
            290,
            300,
            75
        ],
        "post_delay": 500,
        "next": [
            "牧场取消第二位英雄",
            "出征采集牧场",
            "没有士兵牧场"
        ],
        "on_error": [
            "肉类采集完成"
        ]
    },
    "没有士兵牧场": {
        "recognition": "OCR",
        "roi": [
            134,
            893,
            409,
            159
        ],
        "expected": "训练士兵",
        "next": [
            "肉类采集完成"
        ]
    },
    "出征采集牧场": {
        "recognition": "OCR",
        "roi": [
            392,
            1164,
            315,
            101
        ],
        "expected": "出征",
        "action": "Click",
        "next": [
            "出征采集牧场",
            "肉类采集完成"
        ]
    },
    "肉类采集完成": {
        "next": [
            "采集木材入口"
        ]
    },
    "采集木材入口": {
        "next": [
            "如果没有领主档案木材",
            "开始采集木材"
        ]
    },
    "如果没有领主档案木材": {
        "recognition": "OCR",
        "expected": "领主档案",
        "roi": [
            84,
            14,
            164,
            58
        ],
        "inverse": true,
        "next": [
            "点击领主或者返回木材"
        ]
    },
    "点击领主或者返回木材": {
        "action": "Click",
        "target": [
            55,
            57,
            2,
            4
        ],
        "next": [
            "采集木材入口"
        ]
    },
    "开始采集木材": {
        "action": "Click",
        "target": [
            55,
            57,
            2,
            4
        ],
        "next": [
            "木材进入野外界面",
            "木材点击搜索按钮"
        ]
    },
    "木材进入野外界面": {
        "recognition": "OCR",
        "expected": "野外",
        "roi": [
            514,
            1170,
            205,
            111
        ],
        "action": "Click",
        "next": [
            "开始采集木材"
        ]
    },
    "木材点击搜索按钮": {
        "recognition": "TemplateMatch",
        "green_mask": true,
        "template": "searchButton__5_835_81_78__0_785_136_178.png",
        "roi": [
            2,
            825,
            108,
            98
        ],
        "action": "Click",
        "next": [
            "看到木材"
        ]
    },
    "看到木材": {
        "recognition": "TemplateMatch",
        "template": "牧场图片__299_863_120_102__249_813_220_202.png",
        "roi": [
            -1,
            830,
            724,
            166
        ],
        "action": "Swipe",
        "begin": [
            624,
            909,
            14,
            19
        ],
        "end": [
            105,
            905,
            10,
            10
        ],
        "next": [
            "点击木材"
        ]
    },
    "点击木材": {
        "recognition": "TemplateMatch",
        "template": "木材场图片__262_868_105_91__212_818_205_191.png",
        "roi": [
            -1,
            830,
            724,
            166
        ],
        "action": "Click",
        "next": [
            "设置成8级资源木材",
            "搜索8级木材"
        ]
    },
    "设置成8级资源木材": {
        "recognition": "TemplateMatch",
        "template": "资源等级加号__466_1030_45_48__416_980_145_148.png",
        "action": "Click",
        "threshold": 0.95,
        "roi": [
            452,
            1021,
            67,
            65
        ],
        "next": [
            "点击木材"
        ]
    },
    "搜索8级木材": {
        "recognition": "OCR",
        "expected": "搜索",
        "action": "Click",
        "roi": [
            189,
            1172,
            372,
            87
        ],
        "next": [
            "木材采集英雄页面"
        ]
    },
    "木材采集英雄页面": {
        "recognition": "OCR",
        "expected": "采集",
        "action": "Click",
        "roi": [
            256,
            592,
            229,
            72
        ],
        "post_delay": 500,
        "next": [
            "木材行军队列已满",
            "派遣木材英雄",
            "木材英雄已经派出"
        ],
        "on_error": [
            "木材采集完成"
        ]
    },
    "木材英雄已经派出": {
        "recognition": "TemplateMatch",
        "roi": [
            82,
            284,
            176,
            308
        ],
        "inverse": true,
        "template": "木材英雄图片__98_343_147_160__48_293_247_260.png",
        "next": [
            "木材采集完成"
        ]
    },
    "木材行军队列已满": {
        "recognition": "TemplateMatch",
        "template": "行军队列已满__58_314_595_313__8_264_695_413.png",
        "roi": [
            15,
            251,
            689,
            755
        ],
        "next": [
            "木材采集完成"
        ]
    },
    "派遣木材英雄": {
        "recognition": "TemplateMatch",
        "roi": [
            69,
            285,
            197,
            293
        ],
        "template": "木材英雄图片__98_343_147_160__48_293_247_260.png",
        "next": [
            "没有士兵木材",
            "木材取消第二位英雄"
        ]
    },
    "木材取消第二位英雄": {
        "recognition": "TemplateMatch",
        "template": "采集/取消英雄按钮__411_307_31_28__361_257_131_128.png",
        "action": "Click",
        "roi": [
            343,
            290,
            300,
            75
        ],
        "post_delay": 500,
        "next": [
            "木材取消第二位英雄",
            "没有士兵木材",
            "出征采集木材"
        ],
        "on_error": [
            "木材采集完成"
        ]
    },
    "没有士兵木材": {
        "recognition": "OCR",
        "roi": [
            134,
            893,
            409,
            159
        ],
        "expected": "训练士兵",
        "next": [
            "木材采集完成"
        ]
    },
    "出征采集木材": {
        "recognition": "OCR",
        "roi": [
            392,
            1164,
            315,
            101
        ],
        "expected": "出征",
        "action": "Click",
        "next": [
            "出征采集木材",
            "木材采集完成"
        ]
    },
    "木材采集完成": {
        "next": [
            "采集煤矿入口"
        ]
    },
    "采集煤矿入口": {
        "next": [
            "如果没有领主档案煤矿",
            "开始采集煤矿"
        ]
    },
    "如果没有领主档案煤矿": {
        "recognition": "OCR",
        "expected": "领主档案",
        "roi": [
            84,
            14,
            164,
            58
        ],
        "inverse": true,
        "next": [
            "点击领主或者返回煤矿"
        ]
    },
    "点击领主或者返回煤矿": {
        "action": "Click",
        "target": [
            55,
            57,
            2,
            4
        ],
        "next": [
            "采集煤矿入口"
        ]
    },
    "开始采集煤矿": {
        "action": "Click",
        "target": [
            55,
            57,
            2,
            4
        ],
        "next": [
            "煤矿进入野外界面",
            "煤矿点击搜索按钮"
        ]
    },
    "煤矿进入野外界面": {
        "recognition": "OCR",
        "expected": "野外",
        "roi": [
            514,
            1170,
            205,
            111
        ],
        "action": "Click",
        "next": [
            "开始采集煤矿"
        ]
    },
    "煤矿点击搜索按钮": {
        "recognition": "TemplateMatch",
        "green_mask": true,
        "template": "searchButton__5_835_81_78__0_785_136_178.png",
        "roi": [
            2,
            825,
            108,
            98
        ],
        "action": "Click",
        "next": [
            "看到煤矿"
        ]
    },
    "看到煤矿": {
        "recognition": "TemplateMatch",
        "template": "牧场图片__299_863_120_102__249_813_220_202.png",
        "roi": [
            -1,
            830,
            724,
            166
        ],
        "action": "Swipe",
        "begin": [
            624,
            909,
            14,
            19
        ],
        "end": [
            105,
            905,
            10,
            10
        ],
        "next": [
            "点击煤矿"
        ]
    },
    "点击煤矿": {
        "recognition": "TemplateMatch",
        "template": "煤矿图片__427_871_88_90__377_821_188_190.png",
        "roi": [
            -1,
            830,
            724,
            166
        ],
        "action": "Click",
        "next": [
            "设置成8级资源煤矿",
            "搜索8级煤矿"
        ]
    },
    "设置成8级资源煤矿": {
        "recognition": "TemplateMatch",
        "template": "资源等级加号__466_1030_45_48__416_980_145_148.png",
        "action": "Click",
        "threshold": 0.95,
        "roi": [
            452,
            1021,
            67,
            65
        ],
        "next": [
            "点击煤矿"
        ]
    },
    "搜索8级煤矿": {
        "recognition": "OCR",
        "expected": "搜索",
        "action": "Click",
        "roi": [
            189,
            1172,
            372,
            87
        ],
        "next": [
            "煤矿采集英雄页面"
        ]
    },
    "煤矿采集英雄页面": {
        "recognition": "OCR",
        "expected": "采集",
        "action": "Click",
        "roi": [
            256,
            592,
            229,
            72
        ],
        "post_delay": 500,
        "next": [
            "煤矿行军队列已满",
            "派遣煤矿英雄",
            "煤矿英雄已经派出"
        ],
        "on_error": [
            "煤矿采集完成"
        ]
    },
    "煤矿英雄已经派出": {
        "recognition": "TemplateMatch",
        "roi": [
            82,
            284,
            176,
            308
        ],
        "inverse": true,
        "template": "煤矿英雄图片__96_345_156_160__46_295_256_260.png",
        "next": [
            "煤矿采集完成"
        ]
    },
    "煤矿行军队列已满": {
        "recognition": "TemplateMatch",
        "template": "行军队列已满__58_314_595_313__8_264_695_413.png",
        "roi": [
            15,
            251,
            689,
            755
        ],
        "next": [
            "煤矿采集完成"
        ]
    },
    "派遣煤矿英雄": {
        "recognition": "TemplateMatch",
        "roi": [
            69,
            285,
            197,
            293
        ],
        "template": "煤矿英雄图片__96_345_156_160__46_295_256_260.png",
        "next": [
            "没有士兵煤矿",
            "煤矿取消第二位英雄"
        ]
    },
    "煤矿取消第二位英雄": {
        "recognition": "TemplateMatch",
        "template": "采集/取消英雄按钮__411_307_31_28__361_257_131_128.png",
        "action": "Click",
        "post_delay": 500,
        "roi": [
            343,
            290,
            300,
            75
        ],
        "next": [
            "没有士兵煤矿",
            "煤矿取消第二位英雄",
            "出征采集煤矿"
        ]
    },
    "没有士兵煤矿": {
        "recognition": "OCR",
        "roi": [
            134,
            893,
            409,
            159
        ],
        "expected": "训练士兵",
        "next": [
            "煤矿采集完成"
        ]
    },
    "出征采集煤矿": {
        "recognition": "OCR",
        "roi": [
            392,
            1164,
            315,
            101
        ],
        "expected": "出征",
        "action": "Click",
        "next": [
            "出征采集煤矿",
            "煤矿采集完成"
        ]
    },
    "煤矿采集完成": {
        "next": [
            "采集铁矿入口"
        ]
    },
    "采集铁矿入口": {
        "next": [
            "如果没有领主档案铁矿",
            "开始采集铁矿"
        ]
    },
    "如果没有领主档案铁矿": {
        "recognition": "OCR",
        "expected": "领主档案",
        "roi": [
            84,
            14,
            164,
            58
        ],
        "inverse": true,
        "next": [
            "点击领主或者返回铁矿"
        ]
    },
    "点击领主或者返回铁矿": {
        "action": "Click",
        "target": [
            55,
            57,
            2,
            4
        ],
        "next": [
            "采集铁矿入口"
        ]
    },
    "开始采集铁矿": {
        "action": "Click",
        "target": [
            55,
            57,
            2,
            4
        ],
        "next": [
            "铁矿点击搜索按钮"
        ]
    },
    "铁矿点击搜索按钮": {
        "recognition": "TemplateMatch",
        "green_mask": true,
        "template": "searchButton__5_835_81_78__0_785_136_178.png",
        "roi": [
            2,
            825,
            108,
            98
        ],
        "action": "Click",
        "next": [
            "看到铁矿"
        ]
    },
    "看到铁矿": {
        "recognition": "TemplateMatch",
        "template": "牧场图片__299_863_120_102__249_813_220_202.png",
        "roi": [
            -1,
            830,
            724,
            166
        ],
        "action": "Swipe",
        "begin": [
            624,
            909,
            14,
            19
        ],
        "end": [
            105,
            905,
            10,
            10
        ],
        "post_delay": 500,
        "next": [
            "点击铁矿"
        ]
    },
    "点击铁矿": {
        "recognition": "TemplateMatch",
        "template": "铁矿图片__580_868_103_95__530_818_190_195.png",
        "roi": [
            -1,
            830,
            724,
            166
        ],
        "action": "Click",
        "next": [
            "设置成8级资源铁矿",
            "搜索8级铁矿"
        ]
    },
    "设置成8级资源铁矿": {
        "recognition": "TemplateMatch",
        "template": "资源等级加号__466_1030_45_48__416_980_145_148.png",
        "action": "Click",
        "threshold": 0.95,
        "roi": [
            452,
            1021,
            67,
            65
        ],
        "next": [
            "点击铁矿"
        ]
    },
    "搜索8级铁矿": {
        "recognition": "OCR",
        "expected": "搜索",
        "action": "Click",
        "roi": [
            189,
            1172,
            372,
            87
        ],
        "next": [
            "铁矿采集英雄页面"
        ]
    },
    "铁矿采集英雄页面": {
        "recognition": "OCR",
        "expected": "采集",
        "action": "Click",
        "post_delay": 500,
        "roi": [
            256,
            592,
            229,
            72
        ],
        "next": [
            "铁矿行军队列已满",
            "派遣铁矿英雄",
            "铁矿英雄已经派出"
        ],
        "on_error": [
            "铁矿采集完成"
        ]
    },
    "铁矿行军队列已满": {
        "recognition": "TemplateMatch",
        "template": "行军队列已满__58_314_595_313__8_264_695_413.png",
        "roi": [
            15,
            251,
            689,
            755
        ],
        "next": [
            "铁矿采集完成"
        ]
    },
    "铁矿英雄已经派出": {
        "recognition": "TemplateMatch",
        "roi": [
            69,
            285,
            197,
            293
        ],
        "template": "铁矿英雄图片__95_344_157_164__45_294_257_264.png",
        "inverse": true,
        "next": [
            "铁矿采集完成"
        ]
    },
    "派遣铁矿英雄": {
        "recognition": "TemplateMatch",
        "roi": [
            69,
            285,
            197,
            293
        ],
        "template": "铁矿英雄图片__95_344_157_164__45_294_257_264.png",
        "next": [
            "没有士兵铁矿",
            "铁矿取消第二位英雄",
            "出征采集铁矿"
        ]
    },
    "铁矿取消第二位英雄": {
        "recognition": "TemplateMatch",
        "template": "采集/取消英雄按钮__411_307_31_28__361_257_131_128.png",
        "action": "Click",
        "roi": [
            343,
            290,
            300,
            75
        ],
        "post_delay": 500,
        "next": [
            "铁矿取消第二位英雄",
            "出征采集铁矿"
        ]
    },
    "没有士兵铁矿": {
        "recognition": "OCR",
        "roi": [
            134,
            893,
            409,
            159
        ],
        "expected": "训练士兵",
        "next": [
            "铁矿采集完成"
        ]
    },
    "出征采集铁矿": {
        "recognition": "OCR",
        "roi": [
            392,
            1164,
            315,
            101
        ],
        "expected": "出征",
        "action": "Click",
        "next": [
            "出征采集铁矿",
            "铁矿采集完成"
        ]
    },
    "铁矿采集完成": {}
}