{
    "controller": [
        {
            "name": "安卓端",
            "type": "Adb"
        }
    ],
    "resource": [
        {
            "name": "官服",
            "path": [
                "{PROJECT_DIR}/resource"
            ]
        }
    ],
    "agent": {
        "child_exec": "python",
        "child_args": [
            "{PROJECT_DIR}/agent/main.py"
        ]
    },
    "task": [
        {
            "name": "任意位置购买流浪商人",
            "entry": "任意位置购买流浪商人"
        },
        {
            "name": "任意位置处理情报",
            "entry": "任意位置处理情报"
        },
        {
            "name": "每日两次收集",
            "entry": "每日两次收集",
            "pipeline_override": {
                "仓库收集完成": {
                    "next": [
                        "联盟奖励"
                    ]
                }
            }
        },
        {
            "name": "重复收集",
            "entry": "每日两次收集",
            "pipeline_override": {
                "仓库收集完成": {
                    "next": [
                        "联盟奖励"
                    ]
                },
                "捐献结束": {
                    "post_delay": 600000,
                    "next": [
                        "每日两次收集"
                    ]
                }
            }
        },
        {
            "name": "全部日常",
            "entry": "收集Entry处理其他设备登陆",
            "pipeline_override": {
                "仓库收集完成": {
                    "next": [
                        "联盟奖励"
                    ]
                },
                "捐献结束": {
                    "next": [
                        "探险奖励"
                    ]
                },
                "探险收益完成": {
                    "next": [
                        "每日vip奖励"
                    ]
                },
                "每日vip奖励完成": {
                    "next": [
                        "任意位置购买流浪商人"
                    ]
                },
                "流浪商人完成": {
                    "next": [
                        "任意位置处理情报"
                    ]
                },
                "情报处理完成": {
                    "next": [
                        "提炼火晶奖励"
                    ]
                },
                "提炼结束": {
                    "next": [
                        "英雄招募奖励"
                    ]
                },
                "免费招募奖励完成": {
                    "next": [
                        "宠物寻宝"
                    ]
                },
                "宠物寻宝完成": {
                    "next": [
                        "生命之树"
                    ]
                },
                "生命之树完成": {
                    "next": [
                        "地心探险"
                    ]
                },
                "地心探险完成": {
                    "next": [
                        "逐光之旅"
                    ]
                },
                "逐光之旅完成": {
                    "next": [
                        "采集牧场入口"
                    ]
                },
                "铁矿采集完成": {
                    "next": [
                        "每日任务入口"
                    ]
                },
                "每日任务完成": {
                    "next": [
                        "造兵入口"
                    ]
                }
            }
        },
        {
            "name": "大作战刷火晶车",
            "entry": "大作战刷火晶车入口"
        }
    ],
    "option": {
        "任务选项1": {
            "cases": [
                {
                    "name": "文本1",
                    "pipeline_override": {
                        "OcrTask": {
                            "text": "文本1"
                        }
                    }
                },
                {
                    "name": "文本2",
                    "pipeline_override": {
                        "OcrTask": {
                            "text": "文本2"
                        }
                    }
                }
            ]
        }
    }
}