{
    "controller": [
        {
            "name": "安卓端",
            "type": "Adb"
        }
    ],
    "resource": [
        {
            "name": "官服",
            "path": [
                "{PROJECT_DIR}/resource"
            ]
        }
    ],
    "agent": {
        "child_exec": "python",
        "child_args": [
            "{PROJECT_DIR}/agent/main.py"
        ]
    },
    "task": [
        {
            "name": "撤回所有队列入口",
            "entry": "撤回所有队列入口"
        },
        {
            "name": "任意位置购买流浪商人",
            "entry": "任意位置购买流浪商人"
        },
        {
            "name": "任意位置处理情报",
            "entry": "任意位置处理情报"
        },
        {
            "name": "收集仓库体力宝箱",
            "entry": "收集仓库体力宝箱"
        },
        {
            "name": "探险奖励",
            "entry": "探险奖励"
        },
        {
            "name": "每日vip奖励",
            "entry": "每日vip奖励"
        },
        {
            "name": "邮件奖励入口",
            "entry": "邮件奖励入口"
        },
        {
            "name": "任意位置处理情报",
            "entry": "任意位置处理情报"
        },
        {
            "name": "任意位置购买流浪商人",
            "entry": "任意位置购买流浪商人"
        },
        {
            "name": "英雄招募奖励",
            "entry": "英雄招募奖励"
        },
        {
            "name": "宠物寻宝",
            "entry": "宠物寻宝"
        },
        {
            "name": "生命之树",
            "entry": "生命之树"
        },
        {
            "name": "地心探险",
            "entry": "地心探险"
        },
        {
            "name": "造兵入口",
            "entry": "造兵入口"
        },
        {
            "name": "提炼火晶奖励",
            "entry": "提炼火晶奖励"
        },
        {
            "name": "采集牧场入口",
            "entry": "采集牧场入口"
        },
        {
            "name": "联盟商店入口",
            "entry": "联盟商店入口"
        },
        {
            "name": "联盟奖励",
            "entry": "联盟奖励"
        },
        {
            "name": "每日任务入口",
            "entry": "每日任务入口"
        },
        {
            "name": "大冒险入口",
            "entry": "大冒险入口"
        },
        {
            "name": "名匠商铺入口",
            "entry": "名匠商铺入口"
        },
        {
            "name": "逐光之旅",
            "entry": "逐光之旅"
        }
    ],
    "option": {
        "任务选项1": {
            "cases": [
                {
                    "name": "文本1",
                    "pipeline_override": {
                        "OcrTask": {
                            "text": "文本1"
                        }
                    }
                },
                {
                    "name": "文本2",
                    "pipeline_override": {
                        "OcrTask": {
                            "text": "文本2"
                        }
                    }
                }
            ]
        }
    }
}