{
    "controller": [
        {
            "name": "安卓端",
            "type": "Adb"
        }
    ],
    "resource": [
        {
            "name": "官服",
            "path": [
                "{PROJECT_DIR}/resource"
            ]
        }
    ],
    "agent": {
        "child_exec": "python",
        "child_args": [
            "{PROJECT_DIR}/agent/main.py"
        ]
    },
    "task": [
        {
            "name": "任意位置购买流浪商人",
            "entry": "任意位置购买流浪商人"
        },
        {
            "name": "任意位置处理情报",
            "entry": "任意位置处理情报"
        },
        {
            "name": "全部日常",
            "entry": "收集Entry处理其他设备登陆",
            "pipeline_override": {
                "仓库收集完成": {
                    "next": [
                        "联盟奖励"
                    ]
                },
                "捐献结束": {
                    "next": [
                        "探险奖励"
                    ]
                },
                "探险收益完成": {
                    "next": [
                        "每日vip奖励"
                    ]
                },
                "每日vip奖励完成": {
                    "next": [
                        "任意位置购买流浪商人"
                    ]
                },
                "流浪商人完成": {
                    "next": [
                        "任意位置处理情报"
                    ]
                },
                "情报处理完成": {
                    "next": [
                        "提炼火晶奖励"
                    ]
                },
                "提炼结束": {
                    "next": [
                        "英雄招募奖励"
                    ]
                },
                "免费招募奖励完成": {
                    "next": [
                        "宠物寻宝"
                    ]
                },
                "宠物寻宝完成": {
                    "next": [
                        "生命之树"
                    ]
                },
                "生命之树完成": {
                    "next": [
                        "地心探险"
                    ]
                },
                "地心探险完成": {
                    "next": [
                        "采集牧场入口"
                    ]
                },
                "铁矿采集完成": {
                    "next": [
                        "每日任务入口"
                    ]
                },
                "每日任务完成": {
                    "next": [
                        "造兵入口"
                    ]
                }
            }
        },
        {
            "name": "撤回所有队列入口",
            "entry": "撤回所有队列入口"
        },
        {
            "name": "收集仓库体力宝箱",
            "entry": "收集仓库体力宝箱"
        },
        {
            "name": "探险奖励",
            "entry": "探险奖励"
        },
        {
            "name": "每日vip奖励",
            "entry": "每日vip奖励"
        },
        {
            "name": "邮件奖励入口",
            "entry": "邮件奖励入口"
        },
        {
            "name": "任意位置处理情报",
            "entry": "任意位置处理情报"
        },
        {
            "name": "任意位置购买流浪商人",
            "entry": "任意位置购买流浪商人"
        },
        {
            "name": "每日任务入口",
            "entry": "每日任务入口"
        },
        {
            "name": "英雄招募奖励",
            "entry": "英雄招募奖励"
        },
        {
            "name": "宠物寻宝",
            "entry": "宠物寻宝"
        },
        {
            "name": "生命之树",
            "entry": "生命之树"
        },
        {
            "name": "地心探险",
            "entry": "地心探险"
        },
        {
            "name": "造兵入口",
            "entry": "造兵入口"
        },
        {
            "name": "提炼火晶奖励",
            "entry": "提炼火晶奖励"
        },
        {
            "name": "采集牧场入口",
            "entry": "采集牧场入口"
        },
        {
            "name": "联盟商店入口",
            "entry": "联盟商店入口"
        },
        {
            "name": "联盟奖励",
            "entry": "联盟奖励"
        },
        {
            "name": "每日任务入口",
            "entry": "每日任务入口"
        },
        {
            "name": "大冒险入口",
            "entry": "大冒险入口"
        },
        {
            "name": "名匠商铺入口",
            "entry": "名匠商铺入口"
        },
        {
            "name": "逐光之旅",
            "entry": "逐光之旅"
        }
    ],
    "option": {
        "任务选项1": {
            "cases": [
                {
                    "name": "文本1",
                    "pipeline_override": {
                        "OcrTask": {
                            "text": "文本1"
                        }
                    }
                },
                {
                    "name": "文本2",
                    "pipeline_override": {
                        "OcrTask": {
                            "text": "文本2"
                        }
                    }
                }
            ]
        }
    }
}